{"33":{"sn":"Jalisco","ln":"Guadalajara, Jalisco"},"55":{"sn":"Mexico City","ln":"Mexico City, Federal District"},"81":{"sn":"Nuevo León","ln":"Monterrey, Nuevo León"},"222":{"sn":"Puebla","ln":"Amozoc, Puebla, San Andres Calpan, San Miguel Canoa, Puebla"},"223":{"sn":"Puebla","ln":"Magdalena Tetela, San Pablo Zitlaltepec, Tepatlaxco de Hidalgo, Tepeaca, Puebla"},"224":{"sn":"Puebla","ln":"Atoyatempan, San Juan Ixcaquixtla, Tecali de Herrera, Tochtepec, Puebla"},"225":{"sn":"Veracruz","ln":"Tlapacoyan, Veracruz"},"226":{"sn":"Veracruz","ln":"Altotonga, Jalacingo, Veracruz"},"227":{"sn":"Puebla","ln":"Huejotzingo, San Buenaventura Nealtican, Puebla"},"228":{"sn":"Veracruz","ln":"Jalapa, Tuzamapan, Veracruz"},"229":{"sn":"Veracruz","ln":"Veracruz, Veracruz"},"231":{"sn":"Puebla","ln":"Teteles, Teziutlan, Puebla"},"232":{"sn":"Veracruz","ln":"La Vigueta, Martinez de la Torre, Veracruz"},"233":{"sn":"Puebla","ln":"Cuetzalan, Tlatlauquitepec, Zacapoaxtla, Zaragoza, Puebla"},"235":{"sn":"Veracruz","ln":"Misantla, Nautla, San Rafael, Vega de Alatorre, Veracruz"},"236":{"sn":"Oaxaca","ln":"Ajalpan, Calipan, Cuicatlan, Huautla de Jimenez, Teotitlan del Camino, Oaxaca"},"237":{"sn":"Puebla","ln":"San Gabriel Chilac, San Simon Yehualtepec, Tlacotepec, Puebla"},"238":{"sn":"Puebla","ln":"Santiago Miahuatlan, Tehuacan, Puebla"},"241":{"sn":"Tlaxcala","ln":"Apizaco, Hueyotlipan, San Martin Xaltocan, San Salvador Tzonpantepec, Tlaxco, Tlaxcala"},"243":{"sn":"Puebla","ln":"Atencingo, Izucar de Matamoros, San Felipe Ayutla, Puebla"},"244":{"sn":"Puebla","ln":"Atlixco, La Venta Cacaloxuchil, Tochimilco, Puebla"},"245":{"sn":"Puebla","ln":"Ciudad Serdan, Esperanza, Tlachichuca, Puebla"},"246":{"sn":"Tlaxcala","ln":"Santa Ana Nopalucan, Santa Maria Nativitas, Tlaxcala, Zacatelco, Tlaxcala"},"247":{"sn":"Tlaxcala","ln":"Huamantla, San Cosme Xalostoc, Tlaxcala"},"248":{"sn":"Puebla","ln":"San Felipe Ixtacuixtla, San Felipe Teotlalcingo, San Lorenzo Chiautzingo, San Lucas el Grande, San Martin Texmelucan, San Mateo Tepetitla, San Salvador el Verde, Santa Rita Tlahuapan, Puebla"},"249":{"sn":"Puebla","ln":"Acatzingo, Cañada Morelos, Los Reyes de Juarez, Palmar de Bravo, Palmarito Tochapan, San Hipolito Zoltepec, San Pablo de Las Tunas, San Salvador el Seco, Tecamachalco, Puebla"},"271":{"sn":"Veracruz","ln":"Amatlan, Cordoba, Potrero, Veracruz"},"272":{"sn":"Veracruz","ln":"Maltrata, Orizaba, Veracruz"},"273":{"sn":"Veracruz","ln":"Chocaman, Coscomatepec, Huatusco, Ixhuatlan del Cafe, Paso del Macho, Villa Tejeda (Camaron), Veracruz"},"274":{"sn":"Oaxaca","ln":"Acatlan de Perez Figueroa, Temascal, Tierra Blanca, Vicente Camalote, Oaxaca"},"275":{"sn":"Puebla","ln":"Chiautla de Tapia, Chinantla-Piaxtla, Huehuetlan el Chico, Tecomatlan, Tehuitzingo, Tulcingo del Valle, Puebla"},"276":{"sn":"Puebla","ln":"Libres, Oriental, San Lorenzo Cuapiaxtla, Villa Rafael Lara Grajales, Puebla"},"278":{"sn":"Veracruz","ln":"Omealca, San Juan de la Punta, Tezonapa, Yanga, Zongolica, Veracruz"},"279":{"sn":"Veracruz","ln":"Actopan, Alto Lucero, Cosautlan de Carvajal, Estanzuela, Juchique de Ferrer, Naolinco de Victoria, Rinconada, Teocelo, Villa Emiliano Zapata, Veracruz"},"281":{"sn":"Oaxaca","ln":"Loma Bonita, Oaxaca"},"282":{"sn":"Veracruz","ln":"Alchichica, Guadalupe Victoria, Perote, Profesor Rafael Ramirez, Veracruz"},"283":{"sn":"Veracruz","ln":"Isla, Playa Vicente, Rodriguez Clara, San Juan Bautista Valle Nacional, Villa Azueta, Veracruz"},"284":{"sn":"Veracruz","ln":"Angel Rosario Cabada, Lerdo de Tejada, Veracruz"},"285":{"sn":"Veracruz","ln":"Ignacio de la Llave, Jamapa, Manlio Fabio Altamirano, Medellin de Bravo, Paso de Ovejas, Piedras Negras, Soledad de Doblado, Veracruz"},"287":{"sn":"Oaxaca","ln":"Otatitlan, Papaloapan, San Felipe Jalapa de Diaz, San Lucas Ojitlan, Tuxtepec, Oaxaca"},"288":{"sn":"Veracruz","ln":"Chacaltianguis, Cosamaloapan, Tlacojalpan, Tlacotalpan, Tres Valles, Veracruz"},"294":{"sn":"Veracruz","ln":"Catemaco, Juan Diaz Covarrubias, San Andres Tuxtla, Santiago Tuxtla, Veracruz"},"296":{"sn":"Veracruz","ln":"Campamento Farallon, La Antigua, Villa Cardel, Zempoala, Veracruz"},"297":{"sn":"Veracruz","ln":"Alvarado, Veracruz"},"311":{"sn":"Nayarit","ln":"Bellavista, Francisco I. Madero, Tepic, Nayarit"},"312":{"sn":"Colima","ln":"Colima, Los Tepames, Colima"},"313":{"sn":"Colima","ln":"Armeria, Cerro de Ortega, Coahuayana de Hidalgo, Coquimatlan, Cuyutlan, Madrid, Tecoman, Colima"},"314":{"sn":"Colima","ln":"Manzanillo, Peña Colorada, Colima"},"315":{"sn":"Jalisco","ln":"Careyes, Cihuatlan, La Manzanilla, San Patricio Melaque, Jalisco"},"316":{"sn":"Jalisco","ln":"Ayutla, Cuautla, San Clemente, Union de Tula, Jalisco"},"317":{"sn":"Jalisco","ln":"Autlan, El Chante, Jalisco"},"318":{"sn":"Jalisco","ln":"Cofradia de Suchitlan, Cuauhtemoc, La Higuera, Pihuamo, Queseria, Tonila, Jalisco"},"319":{"sn":"Nayarit","ln":"Chilapa, Palma Grande, Rosa Morada, Ruiz, Tuxpan, Nayarit"},"321":{"sn":"Jalisco","ln":"El Grullo, El Limon, Jalisco"},"322":{"sn":"Jalisco","ln":"Campamento Sarh, Ixtapa, Jose Maria Morelos, Nuevo Vallarta, Puerto Vallarta, Tomatlan, Jalisco"},"323":{"sn":"Nayarit","ln":"Estacion Yago, Guadalupe Victoria, La Presa, La Trozada (Villa Juarez), Pozo de Ibarra, San Blas, Santiago Ixcuintla, Sentispac, Villa Hidalgo, Nayarit"},"324":{"sn":"Nayarit","ln":"Ahuacatlan, Amatlan de Cañas, Ixtlan del Rio, Jala, Nayarit"},"325":{"sn":"Nayarit","ln":"Acaponeta, Nayarit"},"326":{"sn":"Jalisco","ln":"Andres Figueroa, Atemajac de Brizuela, Zacoalco, Jalisco"},"327":{"sn":"Nayarit","ln":"Compostela, Jalcocotan, Las Varas, Mecatan, Rincon de Guayabitos, San Pedro Lagunillas, Santa Maria del Oro, Zacoalpan, Nayarit"},"328":{"sn":"Michoacán","ln":"Churintzio, Ecuandureo, Ixtlan de Los Hervores, La Luz, Vista Hermosa, Michoacán"},"329":{"sn":"Nayarit","ln":"Bucerias, San Jose del Valle, San Juan de Abajo, Valle de Banderas, Nayarit"},"341":{"sn":"Jalisco","ln":"Ciudad Guzman, Jalisco"},"342":{"sn":"Jalisco","ln":"Gomez Farias, Sayula, Jalisco"},"343":{"sn":"Jalisco","ln":"Ejutla, Tapalpa, Toliman, Tonaya, Venustiano Carranza, Jalisco"},"344":{"sn":"Jalisco","ln":"Mexticacan, Yahualica, Jalisco"},"345":{"sn":"Jalisco","ln":"Ayotlan, Betania, Degollado, La Concepcion, Jalisco"},"346":{"sn":"Jalisco","ln":"Nochistlan, Teocaltiche, Jalisco"},"347":{"sn":"Jalisco","ln":"San Julian, San Miguel el Alto, Valle de Guadalupe, Jalisco"},"348":{"sn":"Jalisco","ln":"Arandas, Jesus Maria, Josefino de Allende, San Ignacio Cerro Gordo, Santa Maria del Valle, Santiaguito de Velazquez, Jalisco"},"349":{"sn":"Jalisco","ln":"Atengo, Juchitlan, Quila, Tecolotlan, Tenamaxtlan, Jalisco"},"351":{"sn":"Michoacán","ln":"Ario de Rayon, Zamora, Michoacán"},"352":{"sn":"Michoacán","ln":"La Piedad, Michoacán"},"353":{"sn":"Michoacán","ln":"La Palma, Pajacuaran, Sahuayo, Venustiano Carranza, Michoacán"},"354":{"sn":"Michoacán","ln":"Los Reyes, Periban de Ramos, Tinguindin, Tocumbo, Michoacán"},"355":{"sn":"Michoacán","ln":"Chilchota, San Antonio Ocampo, Tangancicuaro, Michoacán"},"356":{"sn":"Michoacán","ln":"Tanhuato, Yurecuaro, Michoacán"},"357":{"sn":"Jalisco","ln":"Casimiro Castillo, La Huerta, Lo Arado, Los Tecomates, Tequesquitlan, Villa Purificacion, Jalisco"},"358":{"sn":"Jalisco","ln":"Tamazula, Zapoltitic, Jalisco"},"371":{"sn":"Jalisco","ln":"Atenquique, Tecalitlan, Tuxpan, Jalisco"},"372":{"sn":"Jalisco","ln":"Amacueca, Cofradia, Concepcion de Buenos Aires, La Manzanilla de la Paz, Teocuitatlan de Corona, Jalisco"},"373":{"sn":"Jalisco","ln":"Cuquio, Ixtlahuacan del Rio, Zapotlanejo, Jalisco"},"374":{"sn":"Jalisco","ln":"Amatitan, El Arenal, Tequila, Jalisco"},"375":{"sn":"Jalisco","ln":"Ameca, Jalisco"},"376":{"sn":"Jalisco","ln":"Atequiza, Chapala, Ixtlahuacan de Los Membrillos, Mezcala, San Juan Tecomatlan, San Luis Soyotlan, Tizapan el Alto, Jalisco"},"377":{"sn":"Jalisco","ln":"Cocula, Estipac, Jalisco"},"378":{"sn":"Jalisco","ln":"Acatic, Capilla de Guadalupe, Capilla de Milpillas, Pegueros, Tepatitlan, Jalisco"},"379":{"sn":"Michoacán","ln":"Numaran, Penjamillo, San Miguel Cuyutlan, Santa Cruz de Las Flores, Tlajomulco, Zinaparo, Michoacán"},"381":{"sn":"Michoacán","ln":"Cojumatlan, San Jose de Gracia, Michoacán"},"382":{"sn":"Jalisco","ln":"Mazamitla, Quitupan, Valle de Juarez, Jalisco"},"383":{"sn":"Michoacán","ln":"Chavinda, Santiago Tangamandapio, Villamar, Michoacán"},"384":{"sn":"Jalisco","ln":"Tala, Teuchitlan, Jalisco"},"385":{"sn":"Jalisco","ln":"Chiquilistlan, San Martin Hidalgo, Tamazulita, Jalisco"},"386":{"sn":"Jalisco","ln":"Ahualulco, Antonio Escobedo, Etzatlan, Hostotipaquillo, Magdalena, San Marcos, Jalisco"},"387":{"sn":"Jalisco","ln":"Acatlan de Juarez, Jocotepec, San Juan Cosala, Villa Corona, Zapotitlan, Jalisco"},"388":{"sn":"Jalisco","ln":"Mascota, Mixtlan, Talpa de Allende, Jalisco"},"389":{"sn":"Nayarit","ln":"Quimichis, San Felipe Aztatan, Tecuala, Nayarit"},"391":{"sn":"Jalisco","ln":"Atotonilco el Alto, Las Margaritas, Poncitlan, San Antonio Fernandez, San Jose de Gracia, Tototlan, Jalisco"},"392":{"sn":"Jalisco","ln":"Jamay, Ocotlan, Jalisco"},"393":{"sn":"Jalisco","ln":"La Barca, San Jose Casas Caidas, San Ramon, Jalisco"},"394":{"sn":"Michoacán","ln":"Cotija de la Paz, Michoacán"},"395":{"sn":"Jalisco","ln":"San Diego de Alejandria, San Juan de Los Lagos, Tlacuitapan, Union de San Antonio, Jalisco"},"411":{"sn":"Guanajuato","ln":"Cañada de Caracheo, Cortazar, Jaral del Progreso, San Pablo Casacuaran, Yuriria, Guanajuato"},"412":{"sn":"Guanajuato","ln":"Comonfort, Empalme Escobedo, Juventino Rosas, Sarabia, Villagran, Guanajuato"},"413":{"sn":"Guanajuato","ln":"Apaseo el Alto, Apaseo el Grande, Guanajuato"},"414":{"sn":"Quintana Roo","ln":"Tequisquiapan, Quintana Roo"},"415":{"sn":"Guanajuato","ln":"San Miguel Allende, Guanajuato"},"417":{"sn":"Guanajuato","ln":"Acambaro, Iramuco, Nuevo Chupicuaro, Paracuaro, Guanajuato"},"418":{"sn":"Guanajuato","ln":"Dolores Hidalgo, San Diego de la Union, Guanajuato"},"419":{"sn":"Guanajuato","ln":"Colon, Doctor Mora, San Jose Iturbide, Guanajuato"},"421":{"sn":"Guanajuato","ln":"Coroneo, Jerecuaro, Tarandacuao, Guanajuato"},"422":{"sn":"Michoacán","ln":"Ario de Rosales, Gabriel Zamora, Taretan, Michoacán"},"423":{"sn":"Michoacán","ln":"Cheran, Paracho, Tingambato, Ziracuaretiro, Michoacán"},"424":{"sn":"Michoacán","ln":"Coalcoman, El Ahuaje, Tepalcatepec, Michoacán"},"425":{"sn":"Michoacán","ln":"Antunez, La Huacana, Nueva Italia, Tancitaro, Michoacán"},"426":{"sn":"Michoacán","ln":"Aguililla, Buenavista, Felipe Carrillo Puerto, Michoacán"},"427":{"sn":"Quintana Roo","ln":"Polotitlan, San Juan del Rio, Quintana Roo"},"428":{"sn":"Guanajuato","ln":"Ocampo, San Felipe, Guanajuato"},"429":{"sn":"Guanajuato","ln":"Abasolo, Cueramaro, Huanimaro, Pueblo Nuevo, Guanajuato"},"431":{"sn":"Jalisco","ln":"Jalostotitlan, Villa Obregon, Jalisco"},"432":{"sn":"Guanajuato","ln":"Ciudad Manuel Doblado, Romita, Guanajuato"},"433":{"sn":"Zacatecas","ln":"Gonzalez Ortega, Miguel Auza, Sombrerete, Zacatecas"},"434":{"sn":"Michoacán","ln":"Acuitzio del Canje, Erongaricuaro, Patzcuaro, Villa Escalante (S.c.del Cobre), Michoacán"},"435":{"sn":"Michoacán","ln":"Huetamo, San Lucas, Michoacán"},"436":{"sn":"Michoacán","ln":"Zacapu, Michoacán"},"437":{"sn":"Jalisco","ln":"Chimaltitan, Momax, Tepechitlan, Tlaltenango, Totatiche, Villa Guerrero, Jalisco"},"438":{"sn":"Michoacán","ln":"Cerano, Pastor Ortiz, Puruandiro, Villa Morelos, Michoacán"},"441":{"sn":"Quintana Roo","ln":"Cadereyta, Ezequiel Montes, Jalpan de Serra, Pinal de Amoles, Quintana Roo"},"442":{"sn":"Quintana Roo","ln":"Bernardo Quintana, Juriquilla, La Cruz, Queretaro, Santa Rosa de Jauregui, Tlacote el Bajo, Quintana Roo"},"443":{"sn":"Michoacán","ln":"Morelia, Tarimbaro, Michoacán"},"444":{"sn":"San Luis Potosí","ln":"San Luis Potosi, San Luis Potosí"},"445":{"sn":"Guanajuato","ln":"Moroleon, Guanajuato"},"447":{"sn":"Michoacán","ln":"Contepec, Maravatio, Michoacán"},"448":{"sn":"Quintana Roo","ln":"Amealco, Huimilpan, Pedro Escobedo, Quintana Roo"},"449":{"sn":"Aguascalientes","ln":"Aguascalientes, Jesus Maria, Aguascalientes"},"451":{"sn":"Michoacán","ln":"Charo, Indaparapeo, Querendaro, Valle de Juarez, Zinapecuaro, Michoacán"},"452":{"sn":"Michoacán","ln":"Nuevo San Juan Parangaricutiro, Uruapan, Michoacán"},"453":{"sn":"Michoacán","ln":"Apatzingan, Michoacán"},"454":{"sn":"Michoacán","ln":"Angamacutiro, Coeneo de la Libertad, Copandaro, Huaniqueo de Morales, Panindicuaro, Quiroga, Villa Jimenez, Michoacán"},"455":{"sn":"Michoacán","ln":"Alvaro Obregon, Cuitzeo del Porvenir, Huandacareo, Santa Ana Maya, Michoacán"},"456":{"sn":"Guanajuato","ln":"Valle de Santiago, Guanajuato"},"457":{"sn":"Zacatecas","ln":"Chalchiuites, Huejucar, Huejuquilla el Alto, Mezquitic, Monte Escobedo, Valparaiso, Zacatecas"},"458":{"sn":"Zacatecas","ln":"Ciudad Cuauhtemoc, Felipe Pescador, Luis Moya, Ojo Caliente, Villa de Cos, Zacatecas"},"459":{"sn":"Michoacán","ln":"Caracuaro, Pedernales, Puruaran, Tacambaro, Tiquicheo, Michoacán"},"461":{"sn":"Guanajuato","ln":"Celaya, Rincon de Tamayo, San Juan de la Vega, Guanajuato"},"462":{"sn":"Guanajuato","ln":"Irapuato, Guanajuato"},"463":{"sn":"Zacatecas","ln":"Jalpa, Tabasco, Zacatecas"},"464":{"sn":"Guanajuato","ln":"Salamanca, Guanajuato"},"465":{"sn":"Aguascalientes","ln":"Pabellon de Arteaga, Rincon de Romos, San Francisco de Los Romos, Aguascalientes"},"466":{"sn":"Guanajuato","ln":"El Sabino, Salvatierra, San Nicolas de Los Agustinos, San Pedro de Los Naranjos, Santiago Maravatio, Tarimoro, Guanajuato"},"467":{"sn":"Zacatecas","ln":"Juchipila, Moyahua, Teul de Gonzalez Ortega, Zacatecas"},"468":{"sn":"Guanajuato","ln":"San Luis de la Paz, Guanajuato"},"469":{"sn":"Guanajuato","ln":"Buenavista de Cortez, Penjamo, Guanajuato"},"471":{"sn":"Michoacán","ln":"Purepero, Tlazazalca, Michoacán"},"472":{"sn":"Guanajuato","ln":"Silao, Guanajuato"},"473":{"sn":"Guanajuato","ln":"Guanajuato, Guanajuato"},"474":{"sn":"Jalisco","ln":"Lagos de Moreno, Paso de Cuarenta, Jalisco"},"475":{"sn":"Jalisco","ln":"Bajio de San Jose, Encarnacion de Diaz, Jalisco"},"476":{"sn":"Guanajuato","ln":"San Francisco del Rincon, Guanajuato"},"477":{"sn":"Guanajuato","ln":"Leon, Guanajuato"},"478":{"sn":"Zacatecas","ln":"Calera Victor Rosales, Zacatecas"},"481":{"sn":"San Luis Potosí","ln":"Ciudad Valles, San Luis Potosí"},"482":{"sn":"San Luis Potosí","ln":"Aquismon, Ciudad del Maiz, El Naranjo, Tamasopo, Tambaca, Tancanhuitz, San Luis Potosí"},"483":{"sn":"San Luis Potosí","ln":"Matlapa, San Felipe Orizatlan, Tamazunchale, San Luis Potosí"},"485":{"sn":"San Luis Potosí","ln":"San Ciro de Acosta, Santa Maria del Rio, Tierra Nueva, Villa de Arriaga, Villa de Reyes, San Luis Potosí"},"486":{"sn":"San Luis Potosí","ln":"Cerritos, Charcas, Venado, Villa de Arista, Villa Juarez, San Luis Potosí"},"487":{"sn":"San Luis Potosí","ln":"Cardenas, Rayon, Rio Verde, San Luis Potosí"},"488":{"sn":"San Luis Potosí","ln":"Cedral, Doctor Arroyo, Matehuala, San Luis Potosí"},"489":{"sn":"San Luis Potosí","ln":"Axtla de Terrazas, El Higo, San Vicente Tancuayalab, Tamuin, Tanquian de Escobedo, Xilitla, San Luis Potosí"},"492":{"sn":"Zacatecas","ln":"Morelos, Tacoaleche, Trancoso, Zacatecas, Zacatecas"},"493":{"sn":"Zacatecas","ln":"Fresnillo, Zacatecas"},"494":{"sn":"Zacatecas","ln":"Jerez de Garcia Salinas, Zacatecas"},"495":{"sn":"Jalisco","ln":"Calvillo, Villa Hidalgo, Jalisco"},"496":{"sn":"Zacatecas","ln":"Loreto, Ojuelos, Pinos, Salinas de Hidalgo, Villa Gonzalez Ortega, Villa Hidalgo, Zacatecas"},"498":{"sn":"Zacatecas","ln":"Juan Aldama, Nieves, Rio Grande, Sain el Alto, Zacatecas"},"499":{"sn":"Zacatecas","ln":"Colotlan, Villanueva, Zacatecas"},"586":{"sn":"México","ln":"Tlalmanalco, México"},"587":{"sn":"México","ln":"Amecameca, México"},"588":{"sn":"México","ln":"Dongu, Santa Maria Magdalena Cahuacan, Transfiguracion, Villa del Carbon, México"},"589":{"sn":"México","ln":"Juchitepec, Ozumba, México"},"591":{"sn":"México","ln":"San Bartolo Cuautlalpan, Santa Maria Cuevas, Tequixquiac, Zumpango, México"},"592":{"sn":"México","ln":"Jaltepec, Nopaltepec, Otumba, México"},"593":{"sn":"México","ln":"Coyotepec, Huehuetoca, Teoloyucan, México"},"594":{"sn":"México","ln":"San Juan Teotihuacan, Tepexpan, Tezoyuca, Xometla, México"},"595":{"sn":"México","ln":"Cuautlalpan, La Purificacion, San Vicente Chicoloapan, Tepetlaoxtoc, Texcoco, México"},"596":{"sn":"México","ln":"Los Reyes Acozac, San Luis Tecuautitlan, Temascalapa, México"},"599":{"sn":"México","ln":"Apaxco, San Francisco Zacacalco, Santa Maria Ajoloapan, Tlapanaloya, México"},"612":{"sn":"Baja California Sur","ln":"La Paz, Todos Santos, Baja California Sur"},"613":{"sn":"Baja California Sur","ln":"Ciudad Constitucion, Loreto, Puerto Adolfo Lopez Mateos, Puerto San Carlos, Villa Insurgentes, Baja California Sur"},"614":{"sn":"Chihuahua","ln":"Chihuahua, General Trias, Villa Aldama, Chihuahua"},"615":{"sn":"Baja California Sur","ln":"Bahia de Tortugas, Guerrero Negro, Mulege, San Ignacio, Santa Rosalia, Baja California Sur"},"616":{"sn":"Baja California","ln":"Col. Vicente Guerrero, Isla de Cedros, San Quintin, Baja California"},"618":{"sn":"Durango","ln":"Colonia Hidalgo, Durango, Durango"},"621":{"sn":"Chihuahua","ln":"Julimes, Las Varas, Naica, Saucillo, Chihuahua"},"622":{"sn":"Sonora","ln":"Guaymas, San Carlos (Nuevo Guaymas), Sonora"},"623":{"sn":"Sonora","ln":"Aconchi, Banamichi, Baviacora, Carbo, Huepac, Ures, Sonora"},"624":{"sn":"Baja California Sur","ln":"Buenavista, Cabo del Sol, Cabo San Lucas, San Jose del Cabo, Baja California Sur"},"625":{"sn":"Chihuahua","ln":"Ciudad Cuauhtemoc, Colonia Alvaro Obregon, Colonia Anahuac, Chihuahua"},"626":{"sn":"Chihuahua","ln":"Ojinaga, Chihuahua"},"627":{"sn":"Chihuahua","ln":"Parral, Chihuahua"},"628":{"sn":"Chihuahua","ln":"Pueblito Allende, San Francisco del Oro, Santa Barbara, Valle de Allende, Villa Matamoros, Chihuahua"},"629":{"sn":"Chihuahua","ln":"Ceballos, Ciudad Jimenez, Villa Lopez, Chihuahua"},"631":{"sn":"Sonora","ln":"Nogales, Sonora"},"632":{"sn":"Sonora","ln":"Imuris, Magdalena, Sonora"},"633":{"sn":"Sonora","ln":"Agua Prieta, Esqueda, Fronteras, Naco, Sonora"},"634":{"sn":"Sonora","ln":"Arizpe, Cumpas, Huachinera, Huasabas, Moctezuma, Nacozari, Sahuaripa, Tepache, Villa Hidalgo, Sonora"},"635":{"sn":"Chihuahua","ln":"Ciudad Guerrero, Creel, La Junta, San Juanito, Chihuahua"},"636":{"sn":"Chihuahua","ln":"Buenaventura, Colonia Juarez, Colonia Lebaron, Ejido Benito Juarez, Ignacio Zaragoza, Janos, La Ascencion, Nuevo Casas Grandes, Ricardo Flores Magon, Chihuahua"},"637":{"sn":"Sonora","ln":"Altar, Caborca, Sonora"},"638":{"sn":"Sonora","ln":"Puerto Peñasco, Sonora"},"639":{"sn":"Chihuahua","ln":"Ciudad delicias, Lazaro Cardenas, Rosales, Chihuahua"},"641":{"sn":"Sonora","ln":"Benjamin Hill, Santa Ana, Sonora"},"642":{"sn":"Sonora","ln":"Navojoa, Pueblo Mayo, Sonora"},"643":{"sn":"Sonora","ln":"Altos de Jecopaco, Buaysiacobe, Colonia Irrigacion (Villa Juarez), Ejido 31 de Octubre, Ejido Francisco Javier Mina, Potam, Pueblo Yaqui, Quetchehueca, San Ignacio Rio Muerto, San Jose de Bacum, Vicam, Sonora"},"644":{"sn":"Sonora","ln":"Bacum, Ciudad Obregon, Ejido Cuauhtemoc, Marte R. Gomez (El Tobarito), Sonora"},"645":{"sn":"Sonora","ln":"Cananea, Sonora"},"646":{"sn":"Baja California","ln":"Ejido Esteban Cantu, Ensenada, La Mision, Maneadero, Baja California"},"647":{"sn":"Sonora","ln":"Alamos, Bacame Nuevo, Bacobampo, Etchojoa, Huatabampo, Yavaros, Sonora"},"648":{"sn":"Chihuahua","ln":"Boquilla, Ciudad Camargo, Chihuahua"},"649":{"sn":"Durango","ln":"Guachochi, Guadalupe Y Calvo, Las Nieves, San Pablo Balleza, Santa Maria del Oro, Valle de Zaragoza, Villa Ocampo, Durango"},"651":{"sn":"Sonora","ln":"Sonoita, Sonora"},"652":{"sn":"Chihuahua","ln":"Ciudad Madera, Ejido el Largo, Gomez Farias, Nicolas Bravo, Chihuahua"},"653":{"sn":"Sonora","ln":"Luis B. Sanchez, San Luis Rio Colorado, Sonora"},"656":{"sn":"Chihuahua","ln":"Ciudad Juarez, Doctor Porfirio Parra, El Porvenir, General Rodrigo M. de Quevedo, Guadalupe Distrito de Bravos, Praxedis Guerrero, Villa Ahumada, Chihuahua"},"658":{"sn":"Baja California","ln":"Benito Juarez, Ciudad Morelos, Guadalupe Victoria, Hermosillo, Queretaro, Saltillo, Baja California"},"659":{"sn":"Chihuahua","ln":"Bachiniva, El Molino, Matachic, Oscar Soto Maynes, Temosachic, Chihuahua"},"661":{"sn":"Baja California","ln":"Primo Tapia, Rosarito, Baja California"},"662":{"sn":"Sonora","ln":"Bahia Kino, Distrito Miguel Aleman, Hermosillo, San Pedro el Saucito, Sonora"},"665":{"sn":"Baja California","ln":"Tecate, Baja California"},"666":{"sn":"Baja California","ln":"Tijuana, Baja California"},"667":{"sn":"Sinaloa","ln":"Costa Rica, Culiacan, Culiacancito, El Dorado, El Salado (Culiacan), Pueblos Unidos, Quila, Villa Adolfo Lopez Mateos, Sinaloa"},"668":{"sn":"Sinaloa","ln":"Ahome, Alfonso G. Calderon, Campo Numero 35 (Cerillos), Chihuahuita, Emiliano Zapata (Bagojo) I, General Chavez Talamantes, Higuera de Zaragoza, Los Mochis, Poblado No 5, San Miguel Zapotitlan, Topolobampo, Villa Gustavo Diaz Ordaz, Sinaloa"},"669":{"sn":"Sinaloa","ln":"El Roble, Mazatlan, Villa Union, Sinaloa"},"671":{"sn":"Coahuila","ln":"Cuencame de Ceniceros, Nazas, Paso Nacional, San Juan de Guadalupe, San Luis del Cordero, Viesca, Coahuila"},"672":{"sn":"Sinaloa","ln":"Navolato, Villa Angel Flores, Villa Juarez, Sinaloa"},"673":{"sn":"Sinaloa","ln":"Guamuchil, Mocorito, Villa Benito Juarez, Sinaloa"},"674":{"sn":"Durango","ln":"Guanacevi, Santiago Papasquiaro, Tepehuanes, Durango"},"675":{"sn":"Durango","ln":"El Salto, La Ciudad, Nombre de Dios, Suchil, Vicente Guerrero, Villa Union, Durango"},"676":{"sn":"Durango","ln":"Guadalupe Victoria, Ignacio Allende, Peñon Blanco, Durango"},"677":{"sn":"Durango","ln":"Canatlan, Francisco I. Madero, Nuevo Ideal, Rodeo, San Juan del Rio, Durango"},"686":{"sn":"Baja California","ln":"La Rumorosa, Mexicali, Michoacan de Ocampo, Nuevo Leon, San Felipe, Sinaloa, Baja California"},"687":{"sn":"Sinaloa","ln":"Adolfo Ruiz Cortinez, Bachoco Pueblo, Cerro Cabezon, Corerepe, Cubilete, El Burrion, El Huitussi, El Mezquite, Estacion Bamoa, Estacion Naranjo, Gabriel Leyva, Genaro Estrada, Guasave, Juan Jose Rios, La Trinidad, Leon Fonseca (Verdura), Nio, Sinaloa de Leyva, Tamazula, Sinaloa"},"694":{"sn":"Sinaloa","ln":"Agua Caliente de Garate, Agua Verde, Concordia, El Apoderado, Rosario, Sinaloa"},"695":{"sn":"Sinaloa","ln":"Escuinapa, Ojo de Agua Palmilla, Teacapan, Sinaloa"},"696":{"sn":"Sinaloa","ln":"Cosala, Coyotitan, Dimas, La Cruz, San Ignacio, Sinaloa"},"697":{"sn":"Sinaloa","ln":"Angostura, Badiraguato, Caimanero, Colonia Agricola Independencia, Colonia Agricola Mexico, La Reforma, Pericos, Sinaloa"},"698":{"sn":"Sinaloa","ln":"Charay, Choix, El Fuerte, El Jahuara, Mochicahui (Constancia), San Blas, Sinaloa"},"711":{"sn":"Michoacán","ln":"El Oro, Tlalpujahua, Michoacán"},"712":{"sn":"México","ln":"Atlacomulco, Ixtlahuaca, Jiquipilco, Jocotitlan, San Felipe del Progreso, San Pedro de Los Baños, Santiago Yeche, México"},"713":{"sn":"México","ln":"Santiago Tianguistenco, México"},"714":{"sn":"México","ln":"Chalma, Malinalco, Tenancingo, Villa Guerrero, México"},"715":{"sn":"Michoacán","ln":"Angangueo, Jungapeo, Ocampo, Zitacuaro, Michoacán"},"716":{"sn":"México","ln":"Almoloya de Alquisiras, Amatepec, Sultepec, Temascaltepec, Texcaltitlan, México"},"717":{"sn":"México","ln":"Atlatlahuaca, San Antonio la Isla, Tenango del Valle, México"},"718":{"sn":"México","ln":"Acambay, Aculco, San Francisco Tepeolulco, Temascalcingo, México"},"719":{"sn":"México","ln":"San Francisco Xonacatlan, Temoaya, México"},"721":{"sn":"México","ln":"Ixtapan de la Sal, México"},"722":{"sn":"México","ln":"Calimaya de Diaz, Mexicaltzingo, San Pablo Autopan, Santa Maria Nativitas, Toluca, México"},"723":{"sn":"México","ln":"Coatepec Harinas, México"},"724":{"sn":"México","ln":"Luvianos, Tejupilco de Hidalgo, México"},"725":{"sn":"México","ln":"Almoloya de Juarez, Santa Maria del Monte, México"},"726":{"sn":"México","ln":"Amanalco de Becerra, Colorines, Valle de Bravo, Villa Victoria, México"},"727":{"sn":"Guerrero","ln":"Atenango del Rio, Buenavista de Cuellar, Huitzuco, San Vicente Palapa, Tepecoacuilco de Trujano, Guerrero"},"728":{"sn":"México","ln":"Lerma, Santa Maria Atarasquillo, México"},"729":{"sn":"México","ln":"Huixquilucan, Magdalena Chichicaspa, Salazar, San Francisco Chimalpa, México"},"731":{"sn":"Morelos","ln":"Amayuca, Tetela del Volcan, Yecapixtla, Zacualpan de Amilpas, Morelos"},"732":{"sn":"Guerrero","ln":"Ajuchitlan de Progreso, Arcelia, Cutzamala de Pinzon, Tlapehuala, Guerrero"},"733":{"sn":"Guerrero","ln":"Iguala, Guerrero"},"734":{"sn":"Morelos","ln":"Jojutla, Tequesquitengo, Zacatepec, Morelos"},"735":{"sn":"Morelos","ln":"Cuautla, Jonacatepec, Morelos"},"736":{"sn":"Guerrero","ln":"Apaxtla de Castrejon, Cocula, Teloloapan, Tlacotepec, Guerrero"},"737":{"sn":"Morelos","ln":"Miacatlan, Ticuman, Tlaltizapan, Xoxocotla, Morelos"},"738":{"sn":"Hidalgo","ln":"Mixquiahuala, Tepatepec, Hidalgo"},"739":{"sn":"Morelos","ln":"Huitzilac, Tepoztlan, Morelos"},"741":{"sn":"Guerrero","ln":"Copala, Cuajinicuilapa, Marquelia, Ometepec, San Luis Acatlan, Guerrero"},"742":{"sn":"Guerrero","ln":"Atoyac de Alvarez, Papanoa, San Luis de la Loma, Tecpan de Galeana, Guerrero"},"743":{"sn":"Hidalgo","ln":"San Agustin Tlaxiaca, Villa Tezontepec, Zapotlan de Juarez, Zempoala, Hidalgo"},"744":{"sn":"Guerrero","ln":"Acapulco, Xaltianguis, Guerrero"},"745":{"sn":"Guerrero","ln":"Ayutla de Los Libres, Cruz Grande, El Ocotito, San Marcos, Tierra Colorada, Guerrero"},"746":{"sn":"Puebla","ln":"Castillo de Teayo, Chicontepec, Estacion San Diego, Metlaltoyuca, Tihuatlan, Venustiano Carranza, Puebla"},"747":{"sn":"Guerrero","ln":"Chihualco, Chilpancingo, Mazatlan, Zumpango del Rio, Guerrero"},"748":{"sn":"Tlaxcala","ln":"Apam, Emiliano Zapata, Nanacamilpa, Tlaxcala"},"749":{"sn":"Tlaxcala","ln":"Calpulalpan, Tlaxcala"},"751":{"sn":"Morelos","ln":"Amacuzac, Coatlan del Rio, Puente de Ixtla, Tehuixtla, Tilzapotla, Morelos"},"752":{"sn":"Morelos","ln":"Atlatlahucan, Oacalco, Oaxtepec, Tlayacapan, Yautepec, Morelos"},"753":{"sn":"Michoacán","ln":"Arteaga, Ciudad Lazaro Cardenas, La Mira, Las Guacamayas, Playa Azul, Michoacán"},"754":{"sn":"Guerrero","ln":"Atliaca, Mochitlan, Tixtla, Guerrero"},"755":{"sn":"Guerrero","ln":"Ixtapa, Zihuatanejo, Guerrero"},"756":{"sn":"Guerrero","ln":"Chilapa, Olinala, Guerrero"},"757":{"sn":"Guerrero","ln":"Huamuxtitlan, Tlapa de Comonfort, Guerrero"},"758":{"sn":"Guerrero","ln":"Petatlan, San Jeronimito, Guerrero"},"759":{"sn":"Hidalgo","ln":"Ixmiquilpan, Tasquillo, Zimapan, Hidalgo"},"761":{"sn":"Hidalgo","ln":"Huichapan, Jilotepec, Tecozautla, Hidalgo"},"762":{"sn":"Guerrero","ln":"Taxco, Guerrero"},"763":{"sn":"Hidalgo","ln":"Tezontepec de Aldama, Tlahuelilpan, Hidalgo"},"764":{"sn":"Puebla","ln":"Necaxa, Villa Avila Camacho, Xicotepec de Juarez, Puebla"},"765":{"sn":"Veracruz","ln":"Alamo Temapache, Alazan Potrero del Llano, Veracruz"},"766":{"sn":"Veracruz","ln":"Gutierrez Zamora, Tecolutla, Veracruz"},"767":{"sn":"Guerrero","ln":"Ciudad Altamirano, Paso de Arena, Zirandaro, Guerrero"},"768":{"sn":"Veracruz","ln":"Naranjos, Tamalin, Tamiahua, Veracruz"},"769":{"sn":"Morelos","ln":"Axochiapan, Tenextepango, Tepalcingo, Morelos"},"771":{"sn":"Hidalgo","ln":"Pachuca, Real del Monte, Hidalgo"},"772":{"sn":"Hidalgo","ln":"Actopan, Hidalgo"},"773":{"sn":"Hidalgo","ln":"Cruz Azul (San Miguel Vindho), Parque Ind. Tepeji del Rio, Tepeji del Rio, Tula, Hidalgo"},"774":{"sn":"Hidalgo","ln":"Atotonilco el Grande, Calnali, Huayacocotla, Molango, Tianguistengo, Tlanchinol, Zacualtipan, Hidalgo"},"775":{"sn":"Hidalgo","ln":"Tulancingo, Hidalgo"},"776":{"sn":"Puebla","ln":"Acaxochitlan, Ahuazotepec, Huauchinango, Puebla"},"777":{"sn":"Morelos","ln":"Cuernavaca, Santa Fe, Vigilante (Emiliano Zapata), Xochitepec, Morelos"},"778":{"sn":"Hidalgo","ln":"Ajacuba, Atotonilco de Tula, Tlaxcoapan, Hidalgo"},"779":{"sn":"Hidalgo","ln":"Tizayuca, Hidalgo"},"781":{"sn":"Guerrero","ln":"Coyuca de Benitez, San Jeronimo de Juarez, Guerrero"},"782":{"sn":"Veracruz","ln":"Poza Rica, Veracruz"},"783":{"sn":"Veracruz","ln":"Tuxpan, Veracruz"},"784":{"sn":"Veracruz","ln":"Agua Dulce Papantla, Cazones de Herrera, Coyutla, Entabladero, Papantla, Veracruz"},"785":{"sn":"Veracruz","ln":"Cerro Azul, Citlaltepec, Tepetzintla, Veracruz"},"786":{"sn":"Michoacán","ln":"Ciudad Hidalgo, Tuxpan, Michoacán"},"789":{"sn":"Veracruz","ln":"Huejutla de Reyes, Platon Sanchez, Tantoyuca, Tempoal, Veracruz"},"791":{"sn":"Hidalgo","ln":"Ciudad Sahagun, Hidalgo"},"797":{"sn":"Puebla","ln":"Chignahuapan, Tetela de Ocampo, Zacatlan, Puebla"},"821":{"sn":"Nuevo León","ln":"Hualahuises, Linares, Nuevo León"},"823":{"sn":"Nuevo León","ln":"China, General Bravo, Los Herreras, Los Ramones, Nuevo León"},"824":{"sn":"Nuevo León","ln":"Sabinas Hidalgo, Nuevo León"},"825":{"sn":"Nuevo León","ln":"Cienega de Flores, Doctor Gonzalez, General Zuazua, Marin, Pesqueria, Nuevo León"},"826":{"sn":"Nuevo León","ln":"Allende, Galeana, General Teran, Montemorelos, Nuevo León"},"827":{"sn":"Nuevo León","ln":"Santiago (El Cercado), Nuevo León"},"828":{"sn":"Nuevo León","ln":"Cadereyta, Nuevo León"},"829":{"sn":"Nuevo León","ln":"Bustamante, Hidalgo, Mina, Villa Aldama, Nuevo León"},"831":{"sn":"Tamaulipas","ln":"Ciudad Mante, Los Aztecas, Tamaulipas"},"832":{"sn":"Tamaulipas","ln":"Antiguo Morelos, Jaumave, Llera de Canales, Ocampo, Tula, Xicotencatl, Tamaulipas"},"833":{"sn":"Tamaulipas","ln":"Tampico, Tamaulipas"},"834":{"sn":"Tamaulipas","ln":"Ciudad Victoria, Tamaulipas"},"835":{"sn":"Tamaulipas","ln":"Abasolo, El Barretal, Estacion Santa Engracia, Hidalgo, Nuevo Padilla, Santander de Jimenez, Soto la Marina, Villagran, Tamaulipas"},"836":{"sn":"Tamaulipas","ln":"Estacion Cuauhtemoc, Gonzalez, Manuel, Villa Aldama, Tamaulipas"},"841":{"sn":"Tamaulipas","ln":"Francisco Gonzalez Villarreal, San Fernando, Tamaulipas"},"842":{"sn":"Coahuila","ln":"Concepcion del Oro, General Cepeda, Parras de la Fuente, Coahuila"},"844":{"sn":"Coahuila","ln":"Saltillo, Coahuila"},"845":{"sn":"San Luis Potosí","ln":"Ebano, Ponciano Arriaga, San Luis Potosí"},"846":{"sn":"Veracruz","ln":"Ozuluama, Panuco, Tamos Perseverancia, Villa Cacalilao, Veracruz"},"861":{"sn":"Coahuila","ln":"Nueva Rosita, Sabinas, Coahuila"},"862":{"sn":"Coahuila","ln":"Allende, Morelos, Nava, Villa Union, Zaragoza, Coahuila"},"864":{"sn":"Coahuila","ln":"Las Esperanzas, Minas de Barroteran, Muzquiz, Palau, Coahuila"},"866":{"sn":"Coahuila","ln":"Castaños, Monclova, Coahuila"},"867":{"sn":"Tamaulipas","ln":"Colombia, Nuevo Laredo, Tamaulipas"},"868":{"sn":"Tamaulipas","ln":"Anahuac, Control, Empalme, Matamoros, Tamaulipas"},"869":{"sn":"Coahuila","ln":"Cuatro Cienegas, San Buenaventura, Coahuila"},"871":{"sn":"Durango","ln":"El Coyote, La Goma, La Partida, Matamoros, Torreon, Villa Juarez, Durango"},"872":{"sn":"Durango","ln":"Bermejillo, Concordia, Francisco I. Madero, Laguna del Rey, Mapimi, San Pedro de Las Colonias, Tlahualilo de Zaragoza, Durango"},"873":{"sn":"Nuevo León","ln":"Candela, Ciudad Anahuac, Lampazos, Nuevo León"},"877":{"sn":"Coahuila","ln":"Ciudad Acuña, Coahuila"},"878":{"sn":"Coahuila","ln":"Piedras Negras, Coahuila"},"891":{"sn":"Tamaulipas","ln":"Ciudad Camargo, Ciudad Gustavo Diaz Ordaz, Los Comales, Valadeces, Tamaulipas"},"892":{"sn":"Nuevo León","ln":"Agualeguas, Cerralvo, General Treviño, Los Aldamas, Melchor Ocampo, Villa de Paras, Nuevo León"},"894":{"sn":"Tamaulipas","ln":"Santa Apolonia, Valle Hermoso, Tamaulipas"},"897":{"sn":"Tamaulipas","ln":"Ciudad Mier, Ciudad Miguel Aleman, Nueva Ciudad Guerrero, Tamaulipas"},"899":{"sn":"Tamaulipas","ln":"Nuevo Progreso, Reynosa, Rio Bravo, Tamaulipas"},"913":{"sn":"Tabasco","ln":"Frontera, Jonuta, Palizada, Vicente Guerrero, Tabasco"},"914":{"sn":"Tabasco","ln":"Cunduacan, Jalpa de Mendez, Nacajuca, Once de Febrero, Tabasco"},"916":{"sn":"Chiapas","ln":"Catazaja, Palenque, Salto del Agua, Chiapas"},"917":{"sn":"Chiapas","ln":"Estacion Chontalpa, Huimanguillo, Reforma, Chiapas"},"918":{"sn":"Chiapas","ln":"Acacoyagua, Acapetahua, Escuintla, Mapastepec, Pijijiapan, Pueblo Nuevo Comaltitlan, Chiapas"},"919":{"sn":"Chiapas","ln":"Altamirano, Bochil, Chilon, Ococingo, Oxchuc, Pantelho, Petalcingo, Pueblo Nuevo Solistahuacan, Simojovel, Tapilula, Yajalon, Chiapas"},"921":{"sn":"Veracruz","ln":"Coatzacoalcos, Ixhuatlan del Sureste, Veracruz"},"922":{"sn":"Veracruz","ln":"Chinameca, Cosoleacaque, El Naranjito, Jaltipan, Minatitlan, Veracruz"},"923":{"sn":"Tabasco","ln":"Agua Dulce, Campo Cuichapa, La Venta, Las Choapas, Pueblo Sanchez Magallanes, Tabasco"},"924":{"sn":"Veracruz","ln":"Acayucan, Jesus Carranza, Juanita, San Juan Evengelista, Sayula de Aleman, Texistepec, Veracruz"},"932":{"sn":"Tabasco","ln":"Jalapa, Juarez, Pichucalco, Tacotalpa, Teapa, Tabasco"},"933":{"sn":"Tabasco","ln":"Comalcalco, Paraiso, Tecolutilla, Tabasco"},"934":{"sn":"Tabasco","ln":"Balancan, El Triunfo, Emiliano Zapata, Tenosique, Tabasco"},"936":{"sn":"Tabasco","ln":"Ciudad Pemex, Macuspana, Villa Benito Juarez, Tabasco"},"937":{"sn":"Tabasco","ln":"Cardenas, Tabasco"},"938":{"sn":"Campeche","ln":"Ciudad del Carmen, Campeche"},"951":{"sn":"Oaxaca","ln":"Ejutla, Etla, Ixtlan de Juarez, Miahuatlan, Mitla, Nochistlan, Oaxaca, Ocotlan de Morelos, San Agustin Etla, San Dionisio Ocotepec, San Jeronimo Tlacochahuaya, San Pablo Huitzo, Santa Cruz Papalutla, Santa Maria Ayoquesco de Aldama, Soledad Etla, Tamazulapan, Teotitlan del Valle, Tlacolula, Zaachila, Zimatlan de Alvarez, Oaxaca"},"953":{"sn":"Oaxaca","ln":"Acatlan de Osorio, Huajuapan de Leon, Putla de Guerrero, Santiago Juxtlahuaca, Santo Domingo Tonala, Silacayoapan, Tlaxiaco, Oaxaca"},"954":{"sn":"Oaxaca","ln":"Pinotepa de Don Luis I, Pinotepa Nacional, Puerto Escondido, Rio Grande, San Juan Cacahuatepec, San Pedro Tututepec, Santa Catarina Juquila, Santiago Jamiltepec, Oaxaca"},"958":{"sn":"Oaxaca","ln":"Bahia de Huatulco, Bahia de Tangolunda, San Pedro Pochutla, Santa Maria Huatulco, Oaxaca"},"961":{"sn":"Chiapas","ln":"Berriozabal, San Fernando, Suchiapa, Tuxtla Gutierrez, Veinte de Noviembre, Villa de Acala, Chiapas"},"962":{"sn":"Chiapas","ln":"Cacahoatan, Ciudad Hidalgo, Motozintla, Puerto Madero, Tapachula, Tuxtla Chico, Union Juarez, Chiapas"},"963":{"sn":"Chiapas","ln":"Chicomuselo, Comitan, Frontera Comalapa, La Trinitaria, Las Margaritas, Chiapas"},"964":{"sn":"Chiapas","ln":"Huehuetan, Huixtla, Mazatan, Chiapas"},"965":{"sn":"Chiapas","ln":"Cristobal Obregon, El Parral, Jesus Maria Garza, Revolucion Mexicana, San Pedro Buenavista, Villa Corzo, Villa Flores, Chiapas"},"966":{"sn":"Chiapas","ln":"Arriaga, Tonala, Chiapas"},"967":{"sn":"Chiapas","ln":"San Cristobal de Las Casas, Chiapas"},"968":{"sn":"Chiapas","ln":"Cintalapa, Copainala, Jiquipilas, Ocozocuautla, Raudales de Malpaso, Tecpatan, Chiapas"},"969":{"sn":"Yucatán","ln":"Flamboyanes, Yucalpeten, Yucatán"},"971":{"sn":"Oaxaca","ln":"Espinal, Ixtepec, Juchitan, Salina Cruz, Tehuantepec, Union Hidalgo, Oaxaca"},"972":{"sn":"Oaxaca","ln":"Barrio de la Soledad, Lagunas, Matias Romero, Oaxaca"},"981":{"sn":"Campeche","ln":"Campeche, Campeche"},"982":{"sn":"Campeche","ln":"Candelaria, Champoton, Escarcega, Sabancuy, Seyba Playa, Campeche"},"983":{"sn":"Quintana Roo","ln":"Bacalar, Chetumal, Felipe Carrillo Puerto, Quintana Roo"},"984":{"sn":"Quintana Roo","ln":"Chemuyil, Holbox, Kantunilkin, Playa del Carmen, Puerto Aventuras, Tulum, Xcaret, Quintana Roo"},"985":{"sn":"Yucatán","ln":"Chemax, Piste, Valladolid, Yucatán"},"986":{"sn":"Yucatán","ln":"Colonia Yucatan, Espita, Panaba, Tizimin, Yucatán"},"987":{"sn":"Quintana Roo","ln":"Cozumel, Quintana Roo"},"988":{"sn":"Yucatán","ln":"Acanceh, Celestun, Chochola, Hoctun, Hunucma, Izamal, Seye, Sotuta, Tecoh, Uman, Yucatán"},"991":{"sn":"Yucatán","ln":"Baca, Buctzotz, Cacalchen, Cansahcab, Dzidzantum, Dzilam Gonzalez, Motul, Telchac Puerto, Temax, Tixcocob, Yucatán"},"992":{"sn":"Chiapas","ln":"Jaltenango de la Paz, Nueva Concordia, Soyatitan, Teopisca, Venustiano Carranza, Villa Las Rosas, Chiapas"},"993":{"sn":"Tabasco","ln":"Macultepec, Playas del Rosario, Tamulte de la Sabana, Villahermosa, Tabasco"},"994":{"sn":"Chiapas","ln":"Chahuites, Paredon, San Francisco Ixhuatan, San Pedro Tapanatepec, Santiago Niltepec, Santo Domingo Ingenio, Santo Domingo Zanatepec, Tres Picos, Chiapas"},"995":{"sn":"Oaxaca","ln":"Magdalena Tequisistlan, Santa Maria Jalapa del Marquez, Oaxaca"},"996":{"sn":"Campeche","ln":"Becal, Calkini, Dzitbalche, Hecelchacan, Hopelchen, Pomuch, Tenabo, Campeche"},"997":{"sn":"Yucatán","ln":"Akil, Dziuche, Halacho, Jose Maria Morelos, Maxcanu, Muna, Oxkutzcab, Peto, Tekax, Tekit, Ticul, Tzucacab, Yucatán"},"998":{"sn":"Quintana Roo","ln":"Cancun, Isla Mujeres, Puerto Morelos, Quintana Roo"},"999":{"sn":"Yucatán","ln":"Conkal, Merida, Yucatán"}}