{"201":{"sn":"New Jersey","ln":"New Jersey: Hackensack, Jersey City, Hoboken, Bayonne, Ridgewood, Union City, Teaneck, New Milford, and northeast New Jersey"},"202":{"sn":"Washington","ln":"Washington D.C."},"203":{"sn":"Connecticut","ln":"Connecticut: Bridgeport, Danbury, New Haven, Waterbury, Southwestern Connecticut"},"204":{"sn":"Manitoba","ln":"Manitoba, Canada"},"205":{"sn":"Alabama","ln":"Alabama: Birmingham; Tuscaloosa; western and central Alabama"},"206":{"sn":"Washington","ln":"Washington: Seattle"},"207":{"sn":"Maine","ln":"Maine"},"208":{"sn":"Idaho","ln":"Idaho"},"209":{"sn":"California","ln":"California: Stockton, Modesto, Merced, Tracy, San Andreas and central California"},"210":{"sn":"Texas","ln":"Texas: San Antonio area"},"212":{"sn":"New York","ln":"New York: Manhattan except for Marble Hill"},"213":{"sn":"S California","ln":"Southern California: Central Los Angeles"},"214":{"sn":"Texas","ln":"Texas: Dallas area"},"215":{"sn":"Pennsylvania","ln":"Pennsylvania: Philadelphia"},"216":{"sn":"Ohio","ln":"Ohio: Cleveland"},"217":{"sn":"Illinois","ln":"Central Illinois: Springfield, Champaign Decatur, Urbana, Lincoln"},"218":{"sn":"N Minnesota","ln":"Northern Minnesota: Duluth, Thief River Falls, Brainerd, International Falls"},"219":{"sn":"NW Indiana","ln":"Northwest Indiana: Gary, Chesterton, Crown Point, East Chicago, Hammond, Hobart, Merrillville, Michigan City, Portage, Valparaiso"},"220":{},"221":{},"222":{},"223":{},"224":{"sn":"Illinois","ln":"Illinois"},"225":{"sn":"E Louisiana","ln":"Central Eastern Louisiana: Baton Rouge, Donaldsonville, New Roads, White Castle"},"226":{"sn":"Ontario","ln":"Ontario, Canada"},"227":{"sn":"Maryland","ln":"Maryland"},"228":{"sn":"S Mississippi","ln":"Southern Mississippi: Gulfport, Biloxi, Pascagoula, Bay St Louis"},"229":{"sn":"SW Georgia","ln":"Southwestern Georgia: Albany, Valdosta, Bainbridge, Americus, Fitzgerald"},"230":{},"231":{"sn":"NW Michigan","ln":"Northwestern Michigan: Muskegon, Traverse City, Ludington, Petoskey"},"232":{},"233":{},"234":{"sn":"Ohio","ln":"Ohio"},"235":{},"236":{"sn":"British Columbia","ln":"British Columbia, Canada"},"237":{},"238":{},"239":{"sn":"SW Florida","ln":"Southwestern Florida: Lee, Collier, and Monroe Counties; Cape Coral, Fort Myers, Naples, Everglades"},"240":{"sn":"Maryland","ln":"Maryland"},"241":{},"242":{"sn":"Bahamas","ln":"The Bahamas"},"243":{},"244":{},"245":{},"246":{"sn":"Barbados","ln":"Barbados"},"247":{},"248":{"sn":"Michigan","ln":"Michigan: Oakland County"},"249":{"sn":"Ontario","ln":"Ontario, Canada"},"250":{"sn":"British Columbia","ln":"British Columbia: Victoria, Prince George, Prince Rupert, Kelowna; also Hyder, Alaska."},"251":{"sn":"SW Alabama","ln":"Southwestern Alabama: Mobile, Jackson, Brewton"},"252":{"sn":"NE North Carolina","ln":"Northeastern North Carolina: Greenville, Kitty Hawk, Rocky Mount"},"253":{"sn":"Washington","ln":"Washington: Tacoma, Lakewood, Auburn, Puyallup, Enumclaw, Spanaway and south Seattle suburbs"},"254":{"sn":"Texas","ln":"Texas: Waco, Killeen, Temple, Belton, and Stephenville"},"255":{},"256":{"sn":"NE Alabama","ln":"Northern and Eastern Alabama: Huntsville, Decatur, Cullman, Gadsden, Florence, Anniston"},"257":{},"258":{},"259":{},"260":{"sn":"NE Indiana","ln":"Northeastern Indiana: Fort Wayne, New Haven, Decatur, Angola, Huntington, Wabash"},"261":{},"262":{"sn":"SE Wisconsin","ln":"Southeastern Wisconsin: Racine, Kenosha, Menomonee Falls, Waukesha"},"263":{},"264":{"sn":"Anguilla","ln":"Anguilla"},"265":{},"266":{},"267":{"sn":"Pennsylvania","ln":"Pennsylvania"},"268":{"sn":"Antigua/Barbuda","ln":"Antigua and Barbuda"},"269":{"sn":"SW Michigan","ln":"Southwestern Michigan: Battle Creek, Kalamazoo, Benton Harbor, Allegan, Hastings, St Joseph"},"270":{"sn":"W Kentucky","ln":"Western Kentucky: Owensboro, Paducah, Bowling Green, Hopkinsville, Henderson, Elizabethtown"},"271":{},"272":{},"273":{},"274":{"sn":"Wisconsin","ln":"Wisconsin"},"275":{},"276":{"sn":"SW Virginia","ln":"Southwestern Virginia: Bristol, Abingdon, Wytheville, Martinsville, Bluefield"},"277":{},"278":{},"279":{},"280":{},"281":{"sn":"Texas","ln":"Texas: Houston"},"282":{},"283":{"sn":"SW Ohio","ln":"Southwestern Ohio"},"284":{"sn":"BVIs","ln":"The British Virgin Islands"},"285":{},"286":{},"287":{},"288":{},"289":{"sn":"Ontario","ln":"Ontario, Canada"},"290":{},"291":{},"292":{},"293":{},"294":{},"295":{},"296":{},"297":{},"298":{},"299":{},"300":{},"301":{"sn":"W Maryland","ln":"Western Maryland: Silver Spring, DC suburbs, Hagerstown, Frederick, Rockville, Cumberland"},"302":{"sn":"Delaware","ln":"Delaware"},"303":{"sn":"Colorado","ln":"Central Colorado: Denver, Boulder, Longmont, Aurora"},"304":{"sn":"West Virginia","ln":"West Virginia"},"305":{"sn":"S Florida","ln":"Southern Florida: Miami-Dade, Florida Keys, Miami, Homestead, Coral Gables, Key West"},"306":{"sn":"Saskatchewan","ln":"Saskatchewan, Canada"},"307":{"sn":"Wyoming","ln":"Wyoming"},"308":{"sn":"W Nebraska","ln":"Western Nebraska: North Platte, Scottsbluff, McCook, Kearney, Grand Island"},"309":{"sn":"W Illinois","ln":"Central Western Illinois: Peoria, Bloomington-Normal, Moline, Rock Island, Galesburg"},"310":{"sn":"S California","ln":"Southern California: Santa Monica, Malibu, Torrance, South Bay, Beverly Hills, Catalina Island, the Los Angeles Westside"},"312":{"sn":"Illinois","ln":"Illinois: Chicago"},"313":{"sn":"Michigan","ln":"Michigan: Dearborn, Detroit, Hamtramck, Highland Park"},"314":{"sn":"Missouri","ln":"Missouri: St. Louis, Florissant, Crestwood, Affton"},"315":{"sn":"New York","ln":"North Central New York: Syracuse, New York, Utica, Watertown"},"316":{"sn":"Kansas","ln":"Kansas: Wichita, Augusta, El Dorado, Mulvane"},"317":{"sn":"Indiana","ln":"Central Indiana: Indianapolis, Carmel, Fishers, Noblesville, Greenwood, Mooresville, Beech Grove"},"318":{"sn":"N Louisiana","ln":"Northern Louisiana: Shreveport, Monroe, Alexandria, Fisher, Tallulah"},"319":{"sn":"E Iowa","ln":"Eastern Iowa: Cedar Rapids, Waterloo, Burlington, Iowa City"},"320":{"sn":"Minnesota","ln":"Central Minnesota: St. Cloud, Alexandria, Morris, Hutchinson, Sandstone, Appleton"},"321":{"sn":"E Florida","ln":"Central Eastern Florida: Orlando, Cocoa Beach, St Cloud"},"322":{},"323":{"sn":"S California","ln":"Southern California: Los Angeles, West LA, San Fernando Valley, Florence, Montebello"},"324":{},"325":{"sn":"Texas","ln":"Texas: Abilene, San Angelo, Sweetwater, Snyder"},"326":{},"327":{"sn":"E Arkansas","ln":"Eastern Arkansas: Texarkana, Jonesboro, Pine Bluff"},"328":{},"329":{},"330":{"sn":"NE Ohio","ln":"Northeastern Ohio: Akron, Canton, Youngstown, Warren"},"331":{"sn":"Illinois","ln":"Illinois: Aurora, Naperville, western Chicago"},"332":{},"333":{},"334":{"sn":"SE Alabama","ln":"Southeastern Alabama: Montgomery, Auburn, Opelika, Dothan, Selma"},"335":{},"336":{"sn":"North Carolina","ln":"North Carolina: Greensboro, Winston-Salem, Wilkesboro, Roxboro, and northwest North Carolina"},"337":{"sn":"SW Louisiana","ln":"Southwestern Louisiana: Lafayette, Lake Charles, Leesville, New Iberia, Opelousas, De Ridder"},"338":{},"339":{"sn":"Massachusetts","ln":"Massachusetts"},"340":{"sn":"U.S. Virgins","ln":"The U.S. Virgin Islands"},"341":{"sn":"California","ln":"California: East Bay Area, Oakland, Berkeley, Alameda"},"342":{},"343":{"sn":"E Ontario","ln":"Eastern Ontario, Canada: Ottawa"},"344":{},"345":{"sn":"Caymans","ln":"The Cayman Islands"},"346":{},"347":{"sn":"New York","ln":"New York: The \"Outer Boroughs\""},"348":{},"349":{},"350":{},"351":{"sn":"Massachusetts","ln":"Massachusetts"},"352":{"sn":"Florida","ln":"Central Florida: Gainesville, Ocala, Inverness, Dunnellon"},"353":{},"354":{},"355":{},"356":{},"357":{},"358":{},"359":{},"360":{"sn":"W Washington","ln":"Western Washington: Olympia, Vancouver, Bellingham, Bremerton, Port Angeles, Aberdeen"},"361":{"sn":"SW Texas","ln":"Western and Southern Texas: Corpus Christi, Victoria, George"},"362":{},"363":{},"364":{"sn":"Kentucky","ln":"Kentucky: west of the Pennyrile Parkway, including Fort Campbell, Henderson, Hopkinsville, Madisonville, Murray, and Paducah"},"365":{},"366":{},"367":{},"368":{},"369":{"sn":"NW California","ln":"Northwest California"},"370":{},"371":{},"372":{},"373":{},"374":{},"375":{},"376":{},"377":{},"378":{},"379":{},"380":{"sn":"Ohio","ln":"Ohio"},"381":{},"382":{},"383":{},"384":{},"385":{"sn":"Utah","ln":"Utah"},"386":{"sn":"NE Florida","ln":"Northern and Eastern Florida: Daytona Beach, Lake City, Live Oak, Crescent City"},"387":{},"388":{},"389":{},"390":{},"391":{},"392":{},"393":{},"394":{},"395":{},"396":{},"397":{},"398":{},"399":{},"400":{},"401":{"sn":"Rhode Island","ln":"Rhode Island"},"402":{"sn":"E Nebraska","ln":"Eastern Nebraska: Omaha, Lincoln, Norfolk, Superior"},"403":{"sn":"S Alberta","ln":"Southern Alberta, Canada: Calgary, Banff, Red Deer, Medicine Hat, Lethbridge, Brooks"},"404":{"sn":"Georgia","ln":"Georgia: Atlanta"},"405":{"sn":"Oklahoma","ln":"Central Oklahoma: Oklahoma City, Stillwater, Edmond, Norman, Shawnee, Chickasha"},"406":{"sn":"Montana","ln":"Montana"},"407":{"sn":"E Florida","ln":"Central Eastern Florida: Orlando, Florida, St. Cloud"},"408":{"sn":"California","ln":"Central California: San Jose, Los Gatos, Milpitas, Sunnyvale, Cupertino, Gilroy"},"409":{"sn":"SE Texas","ln":"Southeastern Texas: Beaumont, Galveston, Port Arthur, Jasper"},"410":{"sn":"E Maryland","ln":"Eastern Maryland: Baltimore, Annapolis, Salisbury"},"412":{"sn":"W Pennsylvania","ln":"Western Pennsylvania: Pittsburgh area, McKeesport, Braddock, Duquesne"},"413":{"sn":"W Massachusetts","ln":"Western Massachusetts: Springfield, Pittsfield, Holyoke, Greenfield"},"414":{"sn":"Wisconsin","ln":"Wisconsin: Milwaukee"},"415":{"sn":"California","ln":"Central California: San Francisco, Marin County"},"416":{"sn":"Ontario","ln":"Ontario: Toronto"},"417":{"sn":"SW Missouri","ln":"Southwestern Missouri: Springfield, Joplin, Branson, West Plains, Lamar, Lebanon"},"418":{"sn":"Quebec","ln":"Quebec, Canada: Quebec City, Saguenay, Gaspé Peninsula, Côte-Nord, Chibougamau, St-Georges"},"419":{"sn":"NW Ohio","ln":"Northwestern Ohio: Toledo, Sylvania, Mansfield, Lima, Findlay, Bryan, Sandusky, Bowling Green"},"420":{},"421":{},"422":{},"423":{"sn":"E Tennessee","ln":"Eastern Tennessee: Bristol, Johnson City, Kingsport; Chattanooga, Cleveland"},"424":{"sn":"California","ln":"California"},"425":{"sn":"Washington","ln":"Washington: Seattle suburbs, Bellevue, Everett, Redmond, Renton, Kirkland, Bothell, Sammamish, Issaquah, Edmonds, Lynnwood and Mountlake Terrace"},"426":{},"427":{},"428":{},"429":{},"430":{"sn":"Texas","ln":"Texas"},"431":{},"432":{"sn":"W Texas","ln":"West Texas: Midland, Odessa, Big Spring, Alpine"},"433":{},"434":{"sn":"S Virginia","ln":"Southern Virginia: Charlottesville, Lynchburg, Danville, Farmville, South Hill"},"435":{"sn":"Utah","ln":"Utah: Cedar City, Logan, Moab, Park City, St. George, Moab"},"436":{},"437":{},"438":{"sn":"Quebec","ln":"Quebec, Canada"},"439":{},"440":{"sn":"N Ohio","ln":"Northern Ohio: Cleveland suburbs, Elyria, Lorain, Oberlin, Ashtabula"},"441":{"sn":"Bermuda","ln":"Bermuda"},"442":{"sn":"California","ln":"California"},"443":{"sn":"Maryland","ln":"Maryland"},"444":{},"445":{},"446":{},"447":{"sn":"Illinois","ln":"Illinois"},"448":{},"449":{},"450":{"sn":"S Quebec","ln":"Central Southern Quebec, Canada: Laval, Montreal suburbs"},"451":{},"452":{},"453":{},"454":{},"455":{},"456":{"sn":"Inbound Intl.","ln":"Inbound international calls for carrier-specific services"},"457":{},"458":{"sn":"Oregon","ln":"Oregon: Eugene, Medford, Bend, Pendleton, Corvallis, Ontario, Burns"},"459":{},"460":{},"461":{},"462":{},"463":{},"464":{"sn":"Illinois","ln":"Illinois"},"465":{},"466":{},"467":{},"468":{},"469":{"sn":"Texas","ln":"Texas"},"470":{"sn":"Georgia","ln":"Georgia"},"471":{},"472":{},"473":{"sn":"Grenada","ln":"Grenada"},"474":{},"475":{"sn":"Connecticut","ln":"Connecticut"},"476":{},"477":{},"478":{"sn":"Georgia","ln":"Central Georgia: Macon, Warner Robins, Swainsboro, Wadley, Milledgeville, Perry"},"479":{"sn":"NW Arkansas","ln":"Northwestern Arkansas: Fort Smith, Fayetteville"},"480":{"sn":"Arizona","ln":"Arizona: Mesa, Scottsdale, Chandler, Gilbert, Tempe, Queen Creek, eastern Phoenix suburbs"},"481":{},"482":{},"483":{},"484":{"sn":"Pennsylvania","ln":"Pennsylvania"},"485":{},"486":{},"487":{},"488":{},"489":{},"490":{},"491":{},"492":{},"493":{},"494":{},"495":{},"496":{},"497":{},"498":{},"499":{},"500":{"sn":"Personal Comm.","ln":"Personal Communications Services"},"501":{"sn":"Arkansas","ln":"Central Arkansas: Little Rock, Hot Springs"},"502":{"sn":"N Kentucky","ln":"Northern Kentucky: Louisville, Frankfort, Shelbyville, Bardstown"},"503":{"sn":"NW Oregon","ln":"Northwestern Oregon: Portland, Salem, Hillsboro, St. Helens, Tillamook, Astoria"},"504":{"sn":"Louisiana","ln":"Louisiana: New Orleans, Metairie, Kenner"},"505":{"sn":"NW New Mexico","ln":"Northwestern New Mexico: Albuquerque, Santa Fe, Farmington, Gallup"},"506":{"sn":"New Brunswick","ln":"New Brunswick, Canada"},"507":{"sn":"S Minnesota","ln":"Southern Minnesota: Rochester, Mankato, Worthington, Marshall"},"508":{"sn":"SE Massachusetts","ln":"Southeastern Massachusetts: Worcester, New Bedford"},"509":{"sn":"E Washington","ln":"Eastern Washington: Spokane, the Tri-Cities, Yakima, Wenatchee, Walla Walla, Pullman, Ellensburg"},"510":{"sn":"California","ln":"Central California: Oakland, Fremont, Hayward, Castro Valley, Alameda, Berkeley, Richmond"},"512":{"sn":"Texas","ln":"Central Texas: Austin, San Marcos, Lampasas, Bastrop, Milam"},"513":{"sn":"SW Ohio","ln":"Southwestern Ohio: Cincinnati, Middletown, Hamilton, Norwood, Lebanon"},"514":{"sn":"Quebec","ln":"Quebec, Canada: Montreal, Île Perrot,  Île Bizard"},"515":{"sn":"Iowa","ln":"North Central Iowa: Des Moines, Ames, Fort Dodge, Jefferson, Algona, Indianola"},"516":{"sn":"New York","ln":"New York: Nassau County, Hempstead, Elmont"},"517":{"sn":"Michigan","ln":"South Central Michigan: Lansing, Jackson, Charlotte, Coldwater, Howell, Deerfield, Addison"},"518":{"sn":"NE New York","ln":"Northeastern New York: Albany, Schenectady, Plattsburgh, Saranac Lake"},"519":{"sn":"SW Ontario","ln":"Southwestern Ontario, Canada: London, Windsor, Kitchener-Waterloo, Cambridge"},"520":{"sn":"SE Arizona","ln":"Southeastern Arizona: Tucson, Nogales"},"521":{},"522":{"sn":"Personal Comm.","ln":"Personal Communications Services"},"523":{},"524":{},"525":{},"526":{},"527":{},"528":{},"529":{},"530":{"sn":"NE California","ln":"Northerneastern California: Redding, Chico, Davis, Placerville, Lake Tahoe, Susanville, Alturas, Truckee"},"531":{"sn":"Nebraska","ln":"Nebraska"},"532":{},"533":{"sn":"Personal Comm.","ln":"Personal Communications Services"},"534":{"sn":"Wisconsin","ln":"Wisconsin"},"535":{},"536":{},"537":{},"538":{},"539":{"sn":"Oklahoma","ln":"Oklahoma"},"540":{"sn":"Virginia","ln":"North Central Virginia: Roanoke, Fredericksburg, Blacksburg, Harrisonburg, Winchester"},"541":{"sn":"Oregon","ln":"Oregon: Eugene, Medford, Bend, Pendleton, Corvallis, Ontario, Burns"},"542":{},"543":{},"544":{"sn":"Personal Comm.","ln":"Personal Communications Services"},"545":{},"546":{},"547":{},"548":{},"549":{},"550":{},"551":{"sn":"New Jersey","ln":"New Jersey"},"552":{},"553":{},"554":{},"555":{"sn":"Dir. Assistance","ln":"Directory Assistance Applications"},"556":{},"557":{"sn":"Missouri","ln":"Missouri"},"558":{},"559":{"sn":"California","ln":"Central California: Fresno, Visalia, Madera, Hanford, Tulare"},"560":{},"561":{"sn":"Florida","ln":"Florida: Palm Beach, West Palm Beach, Boca Raton, Boynton Beach, Delray Beach, Belle Glade"},"562":{"sn":"S California","ln":"Southern California: Long Beach, Whittier, Norwalk, La Habra Lakewood, Bellflower"},"563":{"sn":"E Iowa","ln":"Eastern Iowa: Davenport, Dubuque, Bettendorf, Decorah, Clinton"},"564":{"sn":"Washington","ln":"Washington: Western Washington"},"565":{},"566":{"sn":"Personal Comm.","ln":"Personal Communications Services"},"567":{"sn":"Ohio","ln":"Ohio"},"568":{},"569":{},"570":{"sn":"NE Pennsylvania","ln":"Northeastern Pennsylvania: Scranton, Williamsport, Wilkes-Barre, Nanticoke, Hazleton, Pottsville, Sunbury, Danville, Bloomsburg, Stroudsburg"},"571":{"sn":"Virginia","ln":"Virginia"},"572":{},"573":{"sn":"Missouri","ln":"Missouri: Columbia, Jefferson City, Hannibal, Cape Girardeau, Poplar Bluff, Farmington, Park Hills, Lake Ozark and eastern Missouri excluding St. Louis"},"574":{"sn":"Indiana","ln":"North Central Indiana: South Bend, Logansport, Elkhart, Warsaw, Nappanee"},"575":{"sn":"New Mexico","ln":"New Mexico: Las Cruces, Roswell, Carlsbad, Taos"},"576":{},"577":{"sn":"Personal Comm. Services","ln":"Personal Communications Services"},"578":{},"579":{"sn":"Quebec","ln":"Quebec, Canada"},"580":{"sn":"SW Oklahoma","ln":"Southern and Western Oklahoma: Enid, Lawton, Ponca City, Guymon, Ardmore, Sayre, Elk City"},"581":{"sn":"Quebec","ln":"Quebec, Canada"},"582":{},"583":{},"584":{},"585":{"sn":"W New York","ln":"Western New York: Rochester, Wellsville, Batavia"},"586":{"sn":"Michigan","ln":"Michigan: Warren, Sterling Heights, Macomb County"},"587":{"sn":"Alberta","ln":"Alberta, Canada"},"588":{"sn":"Personal Comm.","ln":"Personal Communications Services"},"589":{},"590":{},"591":{},"592":{},"593":{},"594":{},"595":{},"596":{},"597":{},"598":{},"599":{},"600":{"sn":"Special Telecom.","ln":"Special Telecommunications Needs in Canada"},"601":{"sn":"Mississippi","ln":"Central Mississippi: Jackson, Meridian, Natchez, McComb, Hattiesburg"},"602":{"sn":"Arizona","ln":"Arizona: Phoenix"},"603":{"sn":"New Hampshire","ln":"New Hampshire"},"604":{"sn":"British Columbia","ln":"British Columbia: Vancouver, Abbotsford, Whistler, Chilliwack"},"605":{"sn":"South Dakota","ln":"South Dakota"},"606":{"sn":"E Kentucky","ln":"Eastern Kentucky: Ashland, Hazard, Somerset, London, Corbin, Pikeville, Maysville"},"607":{"sn":"New York","ln":"New York: Binghamton, Elmira, Bath, Norwich, Oneonta, Ithaca"},"608":{"sn":"SW Wisconsin","ln":"Southwestern Wisconsin: Madison, La Crosse, Platteville, Beloit"},"609":{"sn":"SE New Jersey","ln":"Central and Southeastern New Jersey: Atlantic City, Trenton"},"610":{"sn":"SE Pennsylvania","ln":"Southeastern Pennsylvania: Allentown, Reading, Norristown, Chester"},"612":{"sn":"Minnesota","ln":"Minnesota: Minneapolis, Fort Snelling, St Anthony, Richfield"},"613":{"sn":"E Ontario","ln":"Eastern Ontario, Canada: Ottawa, Kingston"},"614":{"sn":"Ohio","ln":"Ohio: Columbus"},"615":{"sn":"Tennessee","ln":"North Central Tennessee: Nashville, Murfreesboro, Springfield, Lebanon, Dickson"},"616":{"sn":"SW Michigan","ln":"Southwestern Michigan: Grand Rapids, Holland, Greenville, Grand Haven, Zeeland, Ionia"},"617":{"sn":"E Massachusetts","ln":"Eastern Massachusetts: Boston, Cambridge"},"618":{"sn":"S Illinois","ln":"Southern Illinois: Alton, Belleville, Carbondale, Centralia, East Saint Louis, Mount Vernon"},"619":{"sn":"S California","ln":"Southern California: San Diego, Chula Vista"},"620":{"sn":"S Kansas","ln":"Southern Kansas: Dodge City, Emporia, Geat Bend, Parsons, Liberal"},"621":{},"622":{},"623":{"sn":"Arizona","ln":"Arizona: Glendale, Sun City, Buckeye, Peoria, western Phoenix suburbs"},"624":{},"625":{},"626":{"sn":"S California","ln":"Southern California: Pasadena, West Covina, El Monte, La Puente, Arcadia, San Gabriel Valley, eastern Los Angeles suburbs"},"627":{"sn":"N California","ln":"Northern California coast"},"628":{"sn":"California","ln":"Central California: San Francisco"},"629":{},"630":{"sn":"Illinois","ln":"Illinois: Aurora, Naperville, western Chicago suburbs"},"631":{"sn":"New York","ln":"New York: Suffolk County"},"632":{},"633":{},"634":{},"635":{},"636":{"sn":"Missouri","ln":"East Central Missouri: St. Charles, Chesterfield, Union, De Soto, Troy"},"637":{},"638":{},"639":{},"640":{},"641":{"sn":"Iowa","ln":"Central Iowa: Mason City, Oskaloosa, Creston, Pella, Ottumwa, Britt, Clear Lake, Fairfield"},"642":{},"643":{},"644":{},"645":{},"646":{"sn":"New York","ln":"New York: Manhattan"},"647":{"sn":"Ontario","ln":"Ontario, Canada"},"648":{},"649":{"sn":"Turks/Caicos","ln":"The Turks and Caicos Islands"},"650":{"sn":"California","ln":"Central California: San Mateo, Palo Alto, Redwood City, Menlo Park, Mountain View, southern San Francisco suburbs"},"651":{"sn":"Minnesota","ln":"East Central Minnesota: St Paul, Lindstrom, Red Wing, Hastings"},"652":{},"653":{},"654":{},"655":{},"656":{},"657":{"sn":"California","ln":"California"},"658":{},"659":{"sn":"Alabama","ln":"Alabama"},"660":{"sn":"Missouri","ln":"North Central Missouri: Sedalia, Kirksville, Macon, Marshall, Trenton, Maryville, Bethany"},"661":{"sn":"S California","ln":"South Central California: Bakersfield, Lancaster, Santa Clarita, Palmdale, Mojave"},"662":{"sn":"N Mississippi","ln":"Northern Mississippi: Greenville, Tupelo, Winona, Columbus, Holly Springs"},"663":{},"664":{"sn":"Montserrat","ln":"Montserrat"},"665":{},"666":{},"667":{"sn":"Maryland","ln":"Maryland"},"668":{},"669":{"sn":"California","ln":"Central California: San Jose"},"670":{"sn":"Marianas","ln":"Northern Mariana Islands"},"671":{"sn":"Guam","ln":"Guam"},"672":{},"673":{},"674":{},"675":{},"676":{},"677":{},"678":{"sn":"Georgia","ln":"Georgia"},"679":{"sn":"Michigan","ln":"Michigan"},"680":{},"681":{"sn":"West Virginia","ln":"West Virginia"},"682":{"sn":"Texas","ln":"Texas"},"683":{},"684":{"sn":"Amer. Samoa","ln":"American Samoa"},"685":{},"686":{},"687":{},"688":{},"689":{"sn":"Florida","ln":"Florida"},"690":{},"691":{},"692":{},"693":{},"694":{},"695":{},"696":{},"697":{},"698":{},"699":{},"700":{"sn":"LD Carrier","ln":"Long Distance Carrier Use"},"701":{"sn":"North Dakota","ln":"North Dakota"},"702":{"sn":"Nevada","ln":"Nevada: Clark County, Las Vegas, Henderson, Boulder City"},"703":{"sn":"N Virginia","ln":"Northern Virginia: Alexandria, Arlington, Fairfax, Prince William, eastern Loudoun counties"},"704":{"sn":"North Carolina","ln":"South Central North Carolina: Charlotte, Gastonia, Concord, Salisbury"},"705":{"sn":"Ontario","ln":"Central Ontario, Canada: Sudbury, Sault Ste. Marie, North Bay, Timmins, Barrie"},"706":{"sn":"Georgia","ln":"West Central Georgia: Augusta, Lincolnton, Columbus, LaGrange, Rome, Dalton, Thomaston"},"707":{"sn":"NW California","ln":"Northwestern California: Napa, Vallejo, Santa Rosa, Ukiah, Crescent City, Eureka, Ukiah"},"708":{"sn":"Illinois","ln":"Illinois: Chicago Heights, Evergreen Park, Tinley Park, Elmwood Park, Cicero, Oak Forest, Oak Park, Berwyn, western Chicago suburbs"},"709":{"sn":"Newfoundland","ln":"Newfoundland and Labrador, Canada: St. John's"},"710":{"sn":"U.S. Government","ln":"U.S. Government Special Services"},"712":{"sn":"W Iowa","ln":"Western Iowa: Sioux City, Council Bluffs, Sheldon, Denison, Estherville"},"713":{"sn":"Texas","ln":"Texas: Houston"},"714":{"sn":"S California","ln":"Southern California: Anaheim, Santa Ana, Huntington Beach, Orange, Garden Grove, Fullerton, Orange County"},"715":{"sn":"N Wisconsin","ln":"Northern Wisconsin: Wausau, Eau Claire, Rice Lake, Rhinelander, Ashland"},"716":{"sn":"W New York","ln":"Western New York: Buffalo, Jamestown, Niagara Falls, Tonawanda, Olean"},"717":{"sn":"Pennsylvania","ln":"South Central Pennsylvania: Harrisburg, Gettysburg, Lancaster, York"},"718":{"sn":"New York","ln":"New York: New York City, Marble Hill"},"719":{"sn":"SE Colorado","ln":"Southeastern Colorado: Colorado Springs, Pueblo, Leadville, Trinidad, Rocky Ford, La Junta"},"720":{"sn":"Colorado","ln":"Colorado"},"721":{"sn":"Sint Maarten","ln":"Sint Maarten"},"722":{},"723":{},"724":{"sn":"SW Pennsylvania","ln":"Southwestern Pennsylvania: New Castle, Washington, Indiana, Uniontown"},"725":{},"726":{},"727":{"sn":"Florida","ln":"Central Florida: St Petersburg, Dunedin"},"728":{},"729":{},"730":{"sn":"Illinois","ln":"Illinois"},"731":{"sn":"W Tennessee","ln":"Western Tennessee: Union City, Jackson, Dyersburg, Martin, Brownsville, Paris, Bolivar"},"732":{"sn":"New Jersey","ln":"East Central New Jersey: New Brunswick, Neptune, Freehold, Lakewood"},"733":{},"734":{"sn":"SW Michigan","ln":"Southwestern Michigan: Ann Arbor, Canton, Plymouth, Monroe, Wayne, Ypsilanti, Romulus, Detroit suburbs"},"735":{},"736":{},"737":{"sn":"Texas","ln":"Texas"},"738":{},"739":{},"740":{"sn":"SE Ohio","ln":"Central and Southeastern Ohio: Columbus, Newark, Lancaster, Delaware, Mt. Vernon, Marion, Washington C.H., Marietta, Portsmouth, Cambridge, Zanesville, Coshocton, Stuebenville, Athens"},"741":{},"742":{},"743":{},"744":{},"745":{},"746":{},"747":{"sn":"S California","ln":"Southern California: San Fernando Valley"},"748":{},"749":{},"750":{},"751":{},"752":{},"753":{},"754":{"sn":"Florida","ln":"Florida"},"755":{},"756":{},"757":{"sn":"Virginia","ln":"Virginia: Hampton Roads, Eastern Shore"},"758":{"sn":"St. Lucia","ln":"Saint Lucia"},"759":{},"760":{"sn":"SE California","ln":"Southeastern California: Bishop, Ridgecrest, Barstow, Palm Springs, Indio, Imperial County"},"761":{},"762":{"sn":"Georgia","ln":"Georgia"},"763":{"sn":"Minnesota","ln":"Minnesota: Maple Grove, Monticello, Elk River, Fridley, Blaine, northwest Minneapolis"},"764":{"sn":"California","ln":"Central California: Oakland, Berkeley, Alameda"},"765":{"sn":"Indiana","ln":"Central Indiana: Lafayette, Marion, Muncie, Richmond"},"766":{},"767":{"sn":"Dominica","ln":"Commonwealth of Dominica"},"768":{},"769":{"sn":"Mississippi","ln":"Mississippi"},"770":{"sn":"N Georgia","ln":"Central North Georgia: Marietta, Cedartown, Gainesville, Atlanta suburbs"},"771":{},"772":{"sn":"E Florida","ln":"Central Eastern Florida: Vero Beach, Port Saint Lucie, Fort Pierce, Sebastian, Stuart"},"773":{"sn":"Illinois","ln":"Illinois: Chicago"},"774":{"sn":"Massachusetts","ln":"Massachusetts"},"775":{"sn":"Nevada","ln":"Nevada: Reno, Elko, Ely"},"776":{},"777":{},"778":{"sn":"British Columbia","ln":"British Columbia"},"779":{"sn":"Illinois","ln":"Illinois"},"780":{"sn":"N Alberta","ln":"Northern Alberta, Canada: Edmonton, Jasper, Grande Prairie, Peace River"},"781":{"sn":"E Massachusetts","ln":"Eastern Massachusetts: Saugus, Norwood, Waltham, Woburn, Boston suburbs"},"782":{},"783":{},"784":{"sn":"St. Vincent/Grenadines","ln":"Saint Vincent and the Grenadines"},"785":{"sn":"N Kansas","ln":"Northern Kansas: Colby, Topeka, Salina, Manhattan, Lawrence"},"786":{"sn":"Florida","ln":"Florida: Miami-Dade County, Florida Keys"},"787":{"sn":"Puerto Rico","ln":"Puerto Rico"},"788":{},"789":{},"790":{},"791":{},"792":{},"793":{},"794":{},"795":{},"796":{},"797":{},"798":{},"799":{},"800":{"sn":"Toll-free","ln":"Toll-free Telephone Service"},"801":{"sn":"Utah","ln":"Utah: Wasatch Front"},"802":{"sn":"Vermont","ln":"Vermont"},"803":{"sn":"South Carolina","ln":"Central South Carolina: Columbia, Rock Hill, Sumter, Aiken"},"804":{"sn":"Virginia","ln":"Virginia: Richmond, Petersburg"},"805":{"sn":"California","ln":"Central Coastal California: Ventura, San Luis Obispo, Santa Barbara, Oxnard, Simi Valley"},"806":{"sn":"Texas","ln":"Texas: Amarillo, Lubbock, Canadian, Perryton, Shamrock, Dalhart, Texas Panhandle"},"807":{"sn":"NW Ontario","ln":"Northwestern Ontario, Canada: Thunder Bay, Kenora, Dryden, Greenstone"},"808":{"sn":"Hawaii","ln":"Hawaii"},"809":{"sn":"D.R.","ln":"Dominican Republic"},"810":{"sn":"Michigan","ln":"Michigan: Port Huron, Flint, Lapeer, and Michigan \"Thumb\""},"812":{"sn":"Indiana","ln":"Indiana: Southern Indiana, including Bloomington, Evansville, Jeffersonville, New Albany, and Terre Haute)."},"813":{"sn":"Florida","ln":"Central Florida: Tampa, Temple Terrace, Plant City, Pasco County, Oldsmar"},"814":{"sn":"NW Pennsylvania","ln":"Northwestern and Central Pennsylvania: Erie, Warren, State College, Altoona, Johnstown, Meyersdale, Johnsonburg, St. Marys, Ridgway, DuBois, Emporium"},"815":{"sn":"N Illinois","ln":"Northern Illinois: Rockford, La Salle, De Kalb, Freeport, Joliet, Plainfield, Crystal Lake"},"816":{"sn":"Missouri","ln":"West Central Missouri: Kansas City, St Joseph, Independence, Harrisonville"},"817":{"sn":"Texas","ln":"Texas: Fort Worth, Arlington, Grandview, Weatherford, Rhome"},"818":{"sn":"S California","ln":"Southern California: San Fernando Valley, including Glendale, San Fernando, Northridge, Burbank, Los Angeles suburbs"},"819":{"sn":"Quebec","ln":"Quebec, Canada: Sherbrooke, Trois-Rivieres, Abitibi-Témiscamingue, Mauricie, Outaouais, Estrie"},"820":{},"821":{},"822":{},"823":{},"824":{},"825":{"sn":"Alberta","ln":"Alberta, Canada"},"826":{},"827":{},"828":{"sn":"W North Carolina","ln":"Western North Carolina: Hickory, Asheville, Waynesville, Franklin, Murphy"},"829":{"sn":"D.R.","ln":"The Dominican Republic"},"830":{"sn":"SW Texas","ln":"Southwestern Texas: Del Rio, Uvalde, New Braunfels, Kerrville, Eagle Pass"},"831":{"sn":"California","ln":"Central California: Salinas, Hollister, Monterey, Carmel, Santa Cruz"},"832":{"sn":"Texas","ln":"Texas"},"833":{},"834":{},"835":{},"836":{},"837":{},"838":{},"839":{},"840":{},"841":{},"842":{},"843":{"sn":"E South Carolina","ln":"Eastern South Carolina: Florence, Myrtle Beach, Charleston, Isle of Palms, Hilton Head Island"},"844":{},"845":{"sn":"SE New York","ln":"Southeastern New York: Rockland, Poughkeepsie, Middletown, West Point, Newburgh, Catskills, Margaretville"},"846":{},"847":{"sn":"NE Illinois","ln":"Northeastern Illinois: Arlington Heights, Buffalo Grove, Wauconda, Waukegan, Des Plaines, Chicago suburbs"},"848":{"sn":"New Jersey","ln":"New Jersey"},"849":{"sn":"D.R.","ln":"The Dominican Republic"},"850":{"sn":"NW Florida","ln":"Northwestern Florida: Pensacola, Tallahassee, Panama City, the Florida panhandle"},"851":{},"852":{},"853":{},"854":{},"855":{},"856":{"sn":"SW New Jersey","ln":"Southwestern New Jersey: Vineland, Cherry Hill, Camden, Millville"},"857":{"sn":"Massachusetts","ln":"Massachusetts"},"858":{"sn":"S California","ln":"Southern California: Del Mar, La Jolla, San Diego"},"859":{"sn":"Kentucky","ln":"North Central Kentucky: Lexington, Richmond, Danville, Covington, Florence, Mount Sterling"},"860":{"sn":"Connecticut","ln":"Connecticut: Bristol, Hartford, Norwich and northern and eastern Connecticut"},"861":{},"862":{"sn":"New Jersey","ln":"New Jersey"},"863":{"sn":"Florida","ln":"South Central Florida: Auburndale, Lakeland, Avon Park, Clewiston, Bartow, Sebring, Winter Haven"},"864":{"sn":"South Carolina","ln":"South Carolina: Greenville, Spartanburg, Anderson, Upstate South Carolina"},"865":{"sn":"E Tennessee","ln":"Central Eastern Tennessee: Knoxville, Gatlinburg, Newport, Jefferson City, Oak Ridge, Rockwood"},"866":{},"867":{"sn":"Yukon","ln":"Yukon, Northwest Territories, and Nunavut, Canada"},"868":{"sn":"Trinidad/Tobago","ln":"Trinidad and Tobago"},"869":{"sn":"St. Kitts/Nevis","ln":"Saint Kitts and Nevis"},"870":{"sn":"S Arkansas","ln":"Southern and Eastern Arkansas: Texarkana, Jonesboro, Pine Bluff"},"871":{},"872":{"sn":"Illinois","ln":"Illinois"},"873":{"sn":"Quebec","ln":"Quebec, Canada"},"874":{},"875":{},"876":{"sn":"Jamaica","ln":"Jamaica"},"877":{},"878":{"sn":"Pennsylvania","ln":"Pennsylvania"},"879":{},"880":{},"881":{},"882":{},"883":{},"884":{},"885":{},"886":{},"887":{},"888":{"sn":"Toll-free","ln":"Toll-free Telephone Service"},"889":{},"890":{},"891":{},"892":{},"893":{},"894":{},"895":{},"896":{},"897":{},"898":{},"899":{},"900":{"sn":"Premium-rate","ln":"Premium-rate Telephone Service"},"901":{"sn":"SW Tennessee","ln":"Southwestern Tennessee: Memphis, Covington, Somerville"},"902":{"sn":"Nova Scotia/PEI","ln":"Nova Scotia and Prince Edward Island, Canada"},"903":{"sn":"NE Texas","ln":"Northeastern Texas: Tyler, Sherman, Longview, Marshall, Palestine, Jacksonville, Carthage"},"904":{"sn":"NE Florida","ln":"Northeastern Florida: Jacksonville, St. Augustine, Starke, Green Cove Springs"},"905":{"sn":"SW Ontario","ln":"Southwestern Ontario, Canada: Niagara Region, Hamilton, Toronto suburbs"},"906":{"sn":"N Michigan","ln":"Northern Michigan: Escanaba, Houghton, Iron Mountain, Marquette, Menominee, Sault Ste. Marie, Upper Peninsula"},"907":{"sn":"Alaska","ln":"Alaska: Anchorage, Juneau, Fairbanks"},"908":{"sn":"New Jersey","ln":"West Central New Jersey: Alpha, Washington, Elizabeth, Warren, Plainfield"},"909":{"sn":"S California","ln":"Southern California: Colton, Grand Terrace, Ontario, Claremont, Pomona, Chino, Redlands, Fontana"},"910":{"sn":"SE North Carolina","ln":"Southeastern North Carolina: Fayetteville, Wilmington, Jacksonville, Lumberton"},"912":{"sn":"SE Georgia","ln":"Southeastern Georgia: Savannah, Statesboro, Vidalia, Waycross, Brunswick, Douglas"},"913":{"sn":"E Kansas","ln":"Eastern Kansas: Kansas City, Overland Park, Paola, Leavenworth"},"914":{"sn":"New York","ln":"New York: Westchester County"},"915":{"sn":"Texas","ln":"Texas: El Paso County, Hudspeth County"},"916":{"sn":"California","ln":"Central California: Sacramento, Davis, Roseville"},"917":{"sn":"New York","ln":"New York: New York City"},"918":{"sn":"NE Oklahoma","ln":"Northeastern Oklahoma: Tulsa, Bartlesville, McAlester, Muskogee, Henryetta"},"919":{"sn":"North Carolina","ln":"North Central North Carolina: Raleigh, Durham, Chapel Hill, Oxford, Goldsboro"},"920":{"sn":"E Wisconsin","ln":"Eastern Wisconsin: Appleton, Sheboygan, Oshkosh, Green Bay, Manitowoc, Fond du Lac"},"921":{},"922":{},"923":{},"924":{},"925":{"sn":"California","ln":"Central California: Concord, Pleasant Hill, Walnut Creek, Martinez, Livermore, Pleasanton, Dublin"},"926":{},"927":{},"928":{"sn":"NW Arizona","ln":"Northern and Western Arizona: Flagstaff, Kingman, Prescott, Yuma"},"929":{"sn":"New York","ln":"New York"},"930":{},"931":{"sn":"Tennessee","ln":"Tennessee: Clarksville, Columbia, Manchester, Cookeville"},"932":{},"933":{},"934":{},"935":{"sn":"S California","ln":"Southern California: San Diego"},"936":{"sn":"SE Texas","ln":"Central and Southeastern Texas: Nacogdoches, Lufkin, Conroe, Huntsville"},"937":{"sn":"SW Ohio","ln":"Southwestern Ohio: Marysville, Springfield, Dayton, Hillsboro"},"938":{"sn":"Alabama","ln":"Alabama: Huntsville"},"939":{"sn":"Puerto Rico","ln":"Puerto Rico"},"940":{"sn":"N Texas","ln":"Northern Texas: Vernon, Wichita Falls, Denton, Gainesville, Decatur"},"941":{"sn":"SW Florida","ln":"Southwestern Florida: Tampa Bay,Manatee County, Sarasota County, Charlotte County; Bradenton, Port Charlotte, Sarasota, Punta Gorda"},"942":{},"943":{},"944":{},"945":{},"946":{},"947":{"sn":"Michigan","ln":"Michigan"},"948":{},"949":{"sn":"S California","ln":"Southern California: Laguna Niguel, Irvine, Lake Forest, Newport Beach, Corona Del Mar"},"950":{"sn":"Carrier Access","ln":"Carrier Access"},"951":{"sn":"S California","ln":"Southern California: Corona, Riverside, Temescal Canyon, Lake Elsinore, Mira Loma, Moreno Valley, Perris, Sun City, Murrieta, Temecula, Hemet, Winchester, Lakeview, Nuevo, Beaumont, Banning, Idyllwild"},"952":{"sn":"Minnesota","ln":"Minnesota: Bloomington, Minnetonka, Chaska, Minneapolis"},"953":{},"954":{"sn":"S Florida","ln":"Southern Florida: Fort Lauderdale, Hollywood, Coral Springs"},"955":{},"956":{"sn":"S Texas","ln":"Southern Texas: Laredo, Brownsville, McAllen, Harlingen"},"957":{},"958":{},"959":{"sn":"Connecticut","ln":"Connecticut"},"960":{},"961":{},"962":{},"963":{},"964":{},"965":{},"966":{},"967":{},"968":{},"969":{},"970":{"sn":"NW Colorado","ln":"Northern and Western Colorado: Aspen, Durango, Grand Junction, Fort Collins"},"971":{"sn":"NW Oregon","ln":"Northwestern Oregon: Portland, Salem, Hillsboro, Beaverton"},"972":{"sn":"Texas","ln":"Texas"},"973":{"sn":"NW New Jersey","ln":"Northwestern New Jersey: Newark, Paterson"},"974":{},"975":{"sn":"Missouri","ln":"Missouri"},"976":{},"977":{},"978":{"sn":"NE Massachusetts","ln":"Northeastern Massachusetts: Fitchburg, Peabody"},"979":{"sn":"SE Texas","ln":"Southeastern Texas: Wharton, Bryan, Bay City, College Station, Lake Jackson, La Grange"},"980":{"sn":"North Carolina","ln":"North Carolina"},"981":{},"982":{},"983":{},"984":{"sn":"North Carolina","ln":"North Carolina"},"985":{"sn":"SE Louisiana","ln":"Southeastern Louisiana: Houma, Slidell"},"986":{},"987":{},"988":{},"989":{"sn":"Michigan","ln":"Central Michigan: Alpena, Mt. Pleasant, Bay City, Saginaw, Midland, Owosso"},"990":{},"991":{},"992":{},"993":{},"994":{},"995":{},"996":{},"997":{},"998":{},"999":{},"#^12..":{},"#^13..":{},"#^14..":{},"#^15..":{},"#^16..":{},"#^17..":{},"#^18..":{},"#^19..":{},"2..":{},"3..":{},"4..":{},"5..":{},"6..":{},"7..":{},"8..":{},"9..":{}}