{"10":{"sn":"Beijing","ln":"Beijing 北京市"},"20":{"sn":"Guangzhou","ln":"Guangzhou 广州市"},"21":{"sn":"Shanghai","ln":"Shanghai 上海市"},"22":{"sn":"Tianjin","ln":"Tianjin 天津市"},"23":{"sn":"Chongqing","ln":"Chongqing 重庆市"},"24":{"sn":"Shenyang","ln":"Shenyang 沈阳市"},"25":{"sn":"Nanjing","ln":"Nanjing 南京市"},"27":{"sn":"Wuhan","ln":"Wuhan 武汉市"},"28":{"sn":"Chengdu","ln":"Chengdu 成都市"},"29":{"sn":"XiAn","ln":"XiAn 西安市, Xianyang 咸阳市"},"310":{"sn":"Handan","ln":"Handan 邯郸市"},"311":{"sn":"Shijiazhuang","ln":"Shijiazhuang 石家庄市"},"312":{"sn":"Baoding","ln":"Baoding 保定市"},"313":{"sn":"Zhangjiakou","ln":"Zhangjiakou 张家口市"},"314":{"sn":"Chengde","ln":"Chengde 承德市"},"315":{"sn":"Tangshan","ln":"Tangshan 唐山市"},"316":{"sn":"Langfang","ln":"Langfang 廊坊市"},"317":{"sn":"Cangzhou","ln":"Cangzhou 沧州市"},"318":{"sn":"Hengshui","ln":"Hengshui 衡水市"},"319":{"sn":"Xingtai","ln":"Xingtai 邢台市"},"335":{"sn":"Qinhuangdao","ln":"Qinhuangdao 秦皇岛市"},"349":{"sn":"Shuozhou","ln":"Shuozhou 朔州市"},"350":{"sn":"Xinzhou","ln":"Xinzhou 忻州市 (忻州地区)"},"351":{"sn":"Taiyuan","ln":"Taiyuan 太原市"},"352":{"sn":"Datong","ln":"Datong 大同市"},"353":{"sn":"Yangquan","ln":"Yangquan 阳泉市"},"354":{"sn":"Yuci","ln":"Yuci 榆次市 (晋中地区)"},"355":{"sn":"Changzhi","ln":"Changzhi 长治市"},"356":{"sn":"Jincheng","ln":"Jincheng 晋城市"},"357":{"sn":"Linfen","ln":"Linfen 临汾市 (临汾地区)"},"358":{"sn":"Lishi","ln":"Lishi 离石市 (吕梁地区)"},"359":{"sn":"Yuncheng","ln":"Yuncheng 运城市 (运城地区)"},"370":{"sn":"Shangqiu","ln":"Shangqiu 商丘市"},"371":{"sn":"Zhengzhou","ln":"Zhengzhou 郑州市"},"372":{"sn":"Anyang","ln":"Anyang 安阳市"},"373":{"sn":"Xinxiang","ln":"Xinxiang 新乡市"},"374":{"sn":"Xuchang","ln":"Xuchang 许昌市"},"375":{"sn":"Pingdingshan","ln":"Pingdingshan 平顶山市"},"376":{"sn":"Xinyang","ln":"Xinyang 信阳市、潢川县"},"377":{"sn":"Nanyang","ln":"Nanyang 南阳市"},"378":{"sn":"Kaifeng","ln":"Kaifeng 开封市"},"379":{"sn":"Luoyang","ln":"Luoyang 洛阳市"},"391":{"sn":"Jiaozuo","ln":"Jiaozuo 焦作市"},"392":{"sn":"Hebi","ln":"Hebi 鹤壁市"},"393":{"sn":"Puyang","ln":"Puyang 濮阳市"},"394":{"sn":"Zhoukou","ln":"Zhoukou 周口市"},"395":{"sn":"Luohe","ln":"Luohe 漯河市"},"396":{"sn":"Zhumadian","ln":"Zhumadian 驻马店市"},"398":{"sn":"Sanmenxia","ln":"Sanmenxia 三门峡市"},"410":{"sn":"Tieling","ln":"Tieling 铁岭市"},"411":{"sn":"Dalian","ln":"Dalian 大连市"},"412":{"sn":"Anshan","ln":"Anshan 鞍山市"},"413":{"sn":"Fushun","ln":"Fushun 抚顺市"},"414":{"sn":"Benxi","ln":"Benxi 本溪市"},"415":{"sn":"Dandong","ln":"Dandong 丹东市"},"416":{"sn":"Jinzhou","ln":"Jinzhou 锦州市"},"417":{"sn":"Yingkou","ln":"Yingkou 营口市"},"418":{"sn":"Fuxin","ln":"Fuxin 阜新市"},"419":{"sn":"Liaoyang","ln":"Liaoyang 辽阳市"},"421":{"sn":"Chaoyang","ln":"Chaoyang 朝阳市"},"427":{"sn":"Panjin","ln":"Panjin 盘锦市"},"429":{"sn":"Huludao","ln":"Huludao 葫芦岛市"},"431":{"sn":"Changchun","ln":"Changchun 长春市"},"432":{"sn":"Jilin","ln":"Jilin 吉林市"},"433":{"sn":"Hunchun","ln":"Hunchun 珲春市, Yanji 延吉市(延边 朝鲜族自治州)"},"434":{"sn":"Siping","ln":"Siping 四平市"},"435":{"sn":"Tonghua","ln":"Tonghua 通化市, Meihekou 梅河口市"},"436":{"sn":"Baicheng","ln":"Baicheng 白城市"},"437":{"sn":"Liaoyuan","ln":"Liaoyuan 辽源市"},"438":{"sn":"Songyuan","ln":"Songyuan 松原市"},"439":{"sn":"Baishan","ln":"Baishan 白山市"},"451":{"sn":"Harbin","ln":"Harbin 哈尔滨市"},"452":{"sn":"Qiqihar","ln":"Qiqihar 齐齐哈尔市"},"453":{"sn":"Mudanjiang","ln":"Mudanjiang 牡丹江市"},"454":{"sn":"Jiamusi","ln":"Jiamusi 佳木斯市"},"455":{"sn":"Suihua","ln":"Suihua 绥化市"},"456":{"sn":"Heihe","ln":"Heihe 黑河市"},"457":{"sn":"Jiagedaqi","ln":"Jiagedaqi 加格达奇 (大兴安岭地区)"},"458":{"sn":"Yichun","ln":"Yichun 伊春市"},"459":{"sn":"Daqing","ln":"Daqing 大庆市"},"464":{"sn":"Qitaihe","ln":"Qitaihe 七台河市"},"467":{"sn":"Jixi","ln":"Jixi 鸡西市"},"468":{"sn":"Hegang","ln":"Hegang 鹤岗市"},"469":{"sn":"Shuangyashan","ln":"Shuangyashan 双鸭山市"},"470":{"sn":"Hailaer","ln":"Hailaer 海拉尔市 (呼伦贝尔盟)"},"471":{"sn":"Huhehaote","ln":"Huhehaote 呼和浩特市"},"472":{"sn":"Baotou","ln":"Baotou 包头市"},"473":{"sn":"Wuhai","ln":"Wuhai 乌海市"},"474":{"sn":"Jining","ln":"Jining 集宁市 (乌兰察布盟)"},"476":{"sn":"Chifeng","ln":"Chifeng 赤峰市"},"477":{"sn":"Dongsheng","ln":"Dongsheng 东胜市 (伊克昭盟)"},"478":{"sn":"Linhe","ln":"Linhe 临河市 (巴彦淖尔盟)"},"479":{"sn":"Xilinhaote","ln":"Xilinhaote 锡林浩特市 (锡林郭勒盟)"},"482":{"sn":"Wulanhaote","ln":"Wulanhaote 乌兰浩特市 (兴安盟)"},"483":{"sn":"Alashanzuoqi","ln":"Alashanzuoqi 阿拉善左旗 (阿拉善盟)"},"510":{"sn":"Wuxi","ln":"Wuxi 无锡市"},"511":{"sn":"Zhenjiang","ln":"Zhenjiang 镇江市"},"512":{"sn":"Suzhou","ln":"Suzhou 苏州市"},"513":{"sn":"Nantong","ln":"Nantong 南通市"},"514":{"sn":"Yangzhou","ln":"Yangzhou 扬州市"},"515":{"sn":"Yancheng","ln":"Yancheng 盐城市"},"516":{"sn":"Xuzhou","ln":"Xuzhou 徐州市"},"517":{"sn":"Huaian","ln":"Huaian 淮阴市"},"518":{"sn":"Lianyungang","ln":"Lianyungang 连云港市"},"519":{"sn":"Changzhou","ln":"Changzhou 常州市"},"523":{"sn":"Taizhou","ln":"Taizhou 泰州市"},"527":{"sn":"Suqian","ln":"Suqian 宿迁市"},"530":{"sn":"Heze","ln":"Heze 荷泽市 (荷泽地区)"},"531":{"sn":"Jinan","ln":"Jinan 济南市"},"532":{"sn":"Qingdao","ln":"Qingdao 青岛市"},"533":{"sn":"Zibo","ln":"Zibo 淄博市"},"534":{"sn":"Dezhou","ln":"Dezhou 德州市 (德州地区)"},"535":{"sn":"Yantai","ln":"Yantai 烟台市"},"536":{"sn":"Weifang","ln":"Weifang 潍坊市"},"537":{"sn":"Jining","ln":"Jining 济宁市"},"538":{"sn":"TaiAn","ln":"TaiAn 泰安市"},"539":{"sn":"Linyi","ln":"Linyi 临沂市 (临沂地区)"},"543":{"sn":"Binzhou","ln":"Binzhou 滨州市 (滨州地区)"},"546":{"sn":"Dongying","ln":"Dongying 东营市"},"550":{"sn":"Chuzhou","ln":"Chuzhou 滁州市"},"551":{"sn":"Hefei","ln":"Hefei 合肥市"},"552":{"sn":"Bengbu","ln":"Bengbu 蚌埠市"},"553":{"sn":"Wuhu","ln":"Wuhu 芜湖市"},"554":{"sn":"Huainan","ln":"Huainan 淮南市"},"555":{"sn":"MaAnshan","ln":"MaAnshan 马鞍山市"},"556":{"sn":"Anqing","ln":"Anqing 安庆市"},"557":{"sn":"Suzhou","ln":"Suzhou 宿州市"},"558":{"sn":"Fuyang","ln":"Fuyang 阜阳市"},"559":{"sn":"Huangshan","ln":"Huangshan 黄山市"},"561":{"sn":"Huaibei","ln":"Huaibei 淮北市"},"562":{"sn":"Tongling","ln":"Tongling 铜陵市"},"563":{"sn":"Xuancheng","ln":"Xuancheng 宣城市"},"564":{"sn":"LiuAn","ln":"LiuAn 六安市"},"565":{"sn":"Chaohu","ln":"Chaohu 巢湖市"},"566":{"sn":"Chizhou","ln":"Chizhou 池州市"},"570":{"sn":"Quzhou","ln":"Quzhou 衢州市"},"571":{"sn":"Hangzhou","ln":"Hangzhou 杭州市"},"572":{"sn":"Huzhou","ln":"Huzhou 湖州市"},"573":{"sn":"Jiaxing","ln":"Jiaxing 嘉兴市"},"574":{"sn":"Ningbo","ln":"Ningbo 宁波市"},"575":{"sn":"Shaoxing","ln":"Shaoxing 绍兴市"},"576":{"sn":"Taizhou","ln":"Taizhou 台州市"},"577":{"sn":"Wenzhou","ln":"Wenzhou 温州市"},"578":{"sn":"Lishui","ln":"Lishui 丽水市"},"579":{"sn":"Jinhua","ln":"Jinhua 金华市"},"580":{"sn":"Zhoushan","ln":"Zhoushan 舟山市"},"591":{"sn":"Fuzhou","ln":"Fuzhou 福州市"},"592":{"sn":"Xiamen","ln":"Xiamen 厦门市"},"593":{"sn":"Ningde","ln":"Ningde 宁德市"},"594":{"sn":"Putian","ln":"Putian 莆田市"},"595":{"sn":"Quanzhou","ln":"Quanzhou 泉州市"},"596":{"sn":"Zhangzhou","ln":"Zhangzhou 漳州市"},"597":{"sn":"Longyan","ln":"Longyan 龙岩市"},"598":{"sn":"Sanming","ln":"Sanming 三明市"},"599":{"sn":"Nanping","ln":"Nanping 南平市"},"631":{"sn":"Weihai","ln":"Weihai 威海市"},"632":{"sn":"Zaozhuang","ln":"Zaozhuang 枣庄市"},"633":{"sn":"Rizhao","ln":"Rizhao 日照市"},"634":{"sn":"Laiwu","ln":"Laiwu 莱芜市"},"635":{"sn":"Liaocheng","ln":"Liaocheng 聊城市 (聊城地区)"},"660":{"sn":"Shanwei","ln":"Shanwei 汕尾市"},"662":{"sn":"Yangjiang","ln":"Yangjiang 阳江市"},"663":{"sn":"Jieyang","ln":"Jieyang 揭阳市"},"668":{"sn":"Maoming","ln":"Maoming 茂名市"},"691":{"sn":"Jinghong","ln":"Jinghong 景洪市 (西双版纳 傣族自治州 )"},"692":{"sn":"Luxi","ln":"Luxi 潞西市 (德宏傣族 景颇族自治州)"},"701":{"sn":"Yingtan","ln":"Yingtan 鹰潭市"},"710":{"sn":"Xiangfan","ln":"Xiangfan 襄樊市"},"711":{"sn":"Ezhou","ln":"Ezhou 鄂州市"},"712":{"sn":"Xiaogan","ln":"Xiaogan 孝感市"},"713":{"sn":"Huanggang","ln":"Huanggang 黄冈市"},"714":{"sn":"Huangshi","ln":"Huangshi 黄石市"},"715":{"sn":"Xianning","ln":"Xianning 咸宁市"},"716":{"sn":"Jingzhou","ln":"Jingzhou 荆州市"},"717":{"sn":"Yichang","ln":"Yichang 宜昌市"},"718":{"sn":"Enshi","ln":"Enshi 恩施市 (恩施土家族 苗族自治州)"},"719":{"sn":"Shiyan","ln":"Shiyan 十堰市"},"722":{"sn":"Suizhou","ln":"Suizhou 随州市"},"724":{"sn":"Jingmen","ln":"Jingmen 荆门市"},"728":{"sn":"Xiantao","ln":"Xiantao 仙桃市"},"730":{"sn":"Yueyang","ln":"Yueyang 岳阳市"},"731":{"sn":"Changsha","ln":"Changsha 长沙市, Xiangtan 湘潭市, Zhuzhou 株州市"},"734":{"sn":"Hengyang","ln":"Hengyang 衡阳市"},"735":{"sn":"Chenzhou","ln":"Chenzhou 郴州市"},"736":{"sn":"Changde","ln":"Changde 常德市"},"737":{"sn":"Yiyang","ln":"Yiyang 益阳市"},"738":{"sn":"Loudi","ln":"Loudi 娄底市"},"739":{"sn":"Shaoyang","ln":"Shaoyang 邵阳市"},"743":{"sn":"Jishou","ln":"Jishou 吉首市 (湘西土家族 苗族自治州)"},"744":{"sn":"Zhangjiajie","ln":"Zhangjiajie 张家界市"},"745":{"sn":"Huaihua","ln":"Huaihua 怀化市"},"746":{"sn":"Yongzhou","ln":"Yongzhou 永州市"},"750":{"sn":"Jiangmen","ln":"Jiangmen 江门市"},"751":{"sn":"Shaoguan","ln":"Shaoguan 韶关市"},"752":{"sn":"Huizhou","ln":"Huizhou 惠州市"},"753":{"sn":"Meizhou","ln":"Meizhou 梅州市"},"754":{"sn":"Shantou","ln":"Chaoyang 潮阳市, Shantou 汕头市"},"755":{"sn":"Shenzhen","ln":"Shenzhen 深圳市"},"756":{"sn":"Zhuhai","ln":"Zhuhai 珠海市"},"757":{"sn":"Foshan","ln":"Foshan 佛山市, Shunde 顺德市"},"758":{"sn":"Zhaoqing","ln":"Zhaoqing 肇庆市"},"759":{"sn":"Zhanjiang","ln":"Zhanjiang 湛江市"},"760":{"sn":"Zhongshan","ln":"Zhongshan 中山市"},"762":{"sn":"Heyuan","ln":"Heyuan 河源市"},"763":{"sn":"Qingyuan","ln":"Qingyuan 清远市"},"766":{"sn":"Yunfu","ln":"Yunfu 云浮市"},"768":{"sn":"Chaozhou","ln":"Chaozhou 潮州市"},"769":{"sn":"Dongguan","ln":"Dongguan 东莞市"},"770":{"sn":"Fangchenggang","ln":"Fangchenggang 防城港市"},"771":{"sn":"Nanning","ln":"Nanning 南宁市"},"772":{"sn":"Liuzhou","ln":"Liuzhou 柳州市"},"773":{"sn":"Guilin","ln":"Guilin 桂林市"},"774":{"sn":"Wuzhou","ln":"Wuzhou 梧州市"},"775":{"sn":"Yulin","ln":"Yulin 玉林市"},"776":{"sn":"Baise","ln":"Baise 百色市 (百色地区)"},"777":{"sn":"Qinzhou","ln":"Qinzhou 钦州市"},"778":{"sn":"Hechi","ln":"Hechi 河池市 (河池地区)"},"779":{"sn":"Beihai","ln":"Beihai 北海市"},"790":{"sn":"Xinyu","ln":"Xinyu 新余市"},"791":{"sn":"Nanchang","ln":"Nanchang 南昌市"},"792":{"sn":"Jiujiang","ln":"Jiujiang 九江市"},"793":{"sn":"Shangrao","ln":"Shangrao 上饶市"},"794":{"sn":"Fuzhou","ln":"Fuzhou 抚州市"},"795":{"sn":"Yichun","ln":"Yichun 宜春市"},"796":{"sn":"JiAn","ln":"JiAn 吉安市"},"797":{"sn":"Ganzhou","ln":"Ganzhou 赣州市"},"798":{"sn":"Jingdezhen","ln":"Jingdezhen 景德镇市"},"799":{"sn":"Pingxiang","ln":"Pingxiang 萍乡市"},"812":{"sn":"Panzhihua","ln":"Panzhihua 攀枝花市"},"813":{"sn":"Zigong","ln":"Zigong 自贡市"},"816":{"sn":"Mianyang","ln":"Mianyang 绵阳市"},"817":{"sn":"Nanchong","ln":"Nanchong 南充市"},"818":{"sn":"Dazhou","ln":"Dazhou 达州市"},"825":{"sn":"Suining","ln":"Suining 遂宁市"},"826":{"sn":"GuangAn","ln":"GuangAn 广安市"},"827":{"sn":"Bazhong","ln":"Bazhong 巴中市"},"830":{"sn":"Luzhou","ln":"Luzhou 泸州市"},"831":{"sn":"Yibin","ln":"Yibin 宜宾市"},"832":{"sn":"Neijiang","ln":"Neijiang 内江市, Ziyang 资阳市"},"833":{"sn":"Leshan","ln":"Leshan 乐山市"},"834":{"sn":"Xichang","ln":"Xichang 西昌市(凉山 彝族自治州)"},"835":{"sn":"YaAn","ln":"YaAn 雅安市"},"836":{"sn":"Kangding","ln":"Kangding 康定县(甘孜 藏族自治州)"},"837":{"sn":"MaErkang","ln":"MaErkang 马尔康县 (阿坝藏族 羌族自治州)"},"838":{"sn":"Deyang","ln":"Deyang 德阳市"},"839":{"sn":"Guangyuan","ln":"Guangyuan 广元市"},"851":{"sn":"Guiyang","ln":"Guiyang 贵阳市"},"852":{"sn":"Zunyi","ln":"Zunyi 遵义市"},"853":{"sn":"Anshun","ln":"Anshun 安顺市 (安顺地区)"},"854":{"sn":"Duyun","ln":"Duyun 都匀市 (黔南布依族 苗族自治州)"},"855":{"sn":"Kaili","ln":"Kaili 凯里市 (黔东南苗族 侗族自治州   )"},"856":{"sn":"Tongren","ln":"Tongren 铜仁市 (铜仁地区)"},"857":{"sn":"Bijie","ln":"Bijie 毕节市 (毕节地区)"},"858":{"sn":"Liupanshui","ln":"Liupanshui 六盘水市"},"859":{"sn":"Xingyi","ln":"Xingyi 兴义市 (黔西南布依族 苗族自治州)"},"870":{"sn":"Zhaotong","ln":"Zhaotong 昭通市 (昭通地区)"},"871":{"sn":"Kunming","ln":"Kunming 昆明市"},"872":{"sn":"Dali","ln":"Dali 大理市(大理 白族自治州)"},"873":{"sn":"Gejiu","ln":"Gejiu 个旧市 (红河哈尼族 彝族自治州)"},"874":{"sn":"Qujing","ln":"Qujing 曲靖市"},"875":{"sn":"Baoshan","ln":"Baoshan 保山市"},"876":{"sn":"Wenshan","ln":"Wenshan 文山县 (文山壮族 苗族自治州)"},"877":{"sn":"Yuxi","ln":"Yuxi 玉溪市"},"878":{"sn":"Chuxiong","ln":"Chuxiong 楚雄市(楚雄 彝族自治州 )"},"879":{"sn":"Simao","ln":"Simao 思茅市 (思茅地区)"},"883":{"sn":"Lincang","ln":"Lincang 临沧县 (临沧地区)"},"886":{"sn":"Liuku","ln":"Liuku 六库市(怒江 傈傈族自治州)"},"887":{"sn":"Zhongdian","ln":"Zhongdian 中甸县(迪庆 藏族自治州)"},"888":{"sn":"Lijiang","ln":"Lijiang 丽江纳西族 自治县 (丽江地区)"},"891":{"sn":"Lhasa","ln":"Lhasa 拉萨市"},"892":{"sn":"Rikaze","ln":"Rikaze 日喀则市 (日喀则地区)"},"893":{"sn":"Naidong","ln":"Naidong 乃东县 (山南地区)"},"894":{"sn":"Linzhi","ln":"Linzhi 林芝县 (林芝地区)"},"895":{"sn":"Changdu","ln":"Changdu 昌都县 (昌都地区)"},"896":{"sn":"Naqu","ln":"Naqu 那曲县 (那曲地区)"},"897":{"sn":"GeEr","ln":"GeEr 噶尔县 (阿里地区)"},"898":{"sn":"Haikou","ln":"Haikou 海口市"},"901":{"sn":"Tacheng","ln":"Tacheng 塔城市"},"902":{"sn":"Hami","ln":"Hami 哈密市 (哈密地区)"},"903":{"sn":"Hetian","ln":"Hetian 和田市 (和田地区)"},"906":{"sn":"Aletai","ln":"Aletai 阿勒泰市"},"908":{"sn":"Atushi","ln":"Atushi 阿图什市 (克孜勒苏柯尔 克孜自治州)"},"909":{"sn":"Bole","ln":"Bole 博乐市 (博尔塔拉 蒙古自治州)"},"911":{"sn":"YanAn","ln":"YanAn 延安市"},"912":{"sn":"Yulin","ln":"Yulin 榆林市"},"913":{"sn":"Weinan","ln":"Weinan 渭南市"},"914":{"sn":"Shangzhou","ln":"Shangzhou 商州市 (商南地区)"},"915":{"sn":"Ankang","ln":"Ankang 安康市 (安康地区)"},"916":{"sn":"Hanzhong","ln":"Hanzhong 汉中市"},"917":{"sn":"Baoji","ln":"Baoji 宝鸡市"},"919":{"sn":"Tongchuan","ln":"Tongchuan 铜川市"},"930":{"sn":"Linxia","ln":"Linxia 临夏市(临夏 回族自治州)"},"931":{"sn":"Lanzhou","ln":"Lanzhou 兰州市"},"932":{"sn":"Dingxi","ln":"Dingxi 定西县 (定西地区)"},"933":{"sn":"Pingliang","ln":"Pingliang 平凉市 (平凉地区)"},"934":{"sn":"Xifeng","ln":"Xifeng 西峰市 (庆阳地区)"},"935":{"sn":"Jinchang","ln":"Jinchang 金昌市"},"936":{"sn":"Zhangye","ln":"Zhangye 张掖市 (张掖地区)"},"937":{"sn":"Jiuquan","ln":"Jiuquan 酒泉市 (酒泉地区)"},"938":{"sn":"Tianshui","ln":"Tianshui 天水市"},"939":{"sn":"Wudu","ln":"Wudu 武都县 (陇南地区)"},"941":{"sn":"Hezuo","ln":"Hezuo 合作市(甘南 藏族自治州)"},"943":{"sn":"Baiyin","ln":"Baiyin 白银市"},"951":{"sn":"Yinchuan","ln":"Yinchuan 银川市"},"952":{"sn":"Shizuishan","ln":"Shizuishan 石嘴山市"},"953":{"sn":"Wuzhong","ln":"Wuzhong 吴忠市"},"954":{"sn":"Guyuan","ln":"Guyuan 固原县 (固原地区)"},"955":{"sn":"Zhongwei","ln":"Zhongwei 中卫市、中宁县、海原县 (中卫地区)"},"970":{"sn":"Haiyan","ln":"Haiyan 海晏县(海北 藏族自治州)"},"971":{"sn":"Xining","ln":"Xining 西宁市"},"972":{"sn":"PingAn","ln":"PingAn 平安县 (海东地区)"},"973":{"sn":"Tongren","ln":"Tongren 同仁县(黄南 藏族自治州)"},"974":{"sn":"Gonghe","ln":"Gonghe 共和县(海南 藏族自治州)"},"975":{"sn":"Maqin","ln":"Maqin 玛沁县(果洛 藏族自治州)"},"976":{"sn":"Yushu","ln":"Yushu 玉树县(玉树 藏族自治州)"},"977":{"sn":"Delingha","ln":"Delingha 德令哈市 (海西蒙古族 藏族自治州)"},"979":{"sn":"GeErmu","ln":"GeErmu 格尔木市"},"990":{"sn":"Kalamayi","ln":"Kalamayi 克拉玛依市"},"991":{"sn":"Urumchi","ln":"Urumchi 乌鲁木齐"},"992":{"sn":"Kuitun","ln":"Kuitun 奎屯市"},"993":{"sn":"Shihezi","ln":"Shihezi 石河子市"},"994":{"sn":"Changji","ln":"Changji 昌吉市(昌吉 回族自治州)"},"995":{"sn":"Tulufan","ln":"Tulufan 吐鲁番市 (吐鲁番地区)"},"996":{"sn":"KuErle","ln":"KuErle 库尔勒市 (巴音郭楞 蒙古自治州)"},"997":{"sn":"Akesu","ln":"Akesu 阿克苏市 (阿克苏地区)"},"998":{"sn":"Kashi","ln":"Kashi 喀什市 (喀什地区)"},"999":{"sn":"Yining","ln":"Yining 伊宁市(伊犁 哈萨克自治州)"},"8029":{"sn":"Zhongba","ln":"Zhongba 仲巴县"},"8060":{"sn":"Pulan","ln":"Pulan 普兰县"},"8063":{"sn":"Jiali","ln":"Jiali 嘉黎县"},"8065":{"sn":"Nierong","ln":"Nierong 聂荣县"},"8067":{"sn":"Bange","ln":"Bange 班戈县"},"8068":{"sn":"Shenzha","ln":"Shenzha 申扎县"},"8070":{"sn":"Shuanghu","ln":"Shuanghu 双湖"},"8071":{"sn":"Zhada","ln":"Zhada 扎达县"},"8078":{"sn":"Suoxian","ln":"Suoxian 索县"},"8081":{"sn":"Nima","ln":"Nima 尼玛县"}}