{"2":{},"3":{},"4":{},"822":{"sn":"Santa Cruz de Tenerife","ln":"Granadilla de Abona, Guimar, Icod de los Vinos, Isla de la Palma, La Orotava, San Sebastian de la Gomera, Santa Cruz de Tenerife, Valverde"},"824":{"sn":"Badajoz","ln":"Alburquerque, Alconchel, Almendralejo, Azuaga, Badajoz, Cabeza del Buey, Castuera, Don Benito, Fregenal de la Sierra, Fuente de Cantos, Guareña, Jerez de los Caballeros, Llerena, Merida, Villafranca de los Barros, Zafra"},"828":{"sn":"Las Palmas","ln":"Arrecife, Galdar, Isla de Fuerteventura, Las Palmas, Vecindario"},"843":{"sn":"Guipuzcoa","ln":"Azpeitia, Beasain, Bergara, deba, Donostia-San Sebastian, Eibar, Guipuzcoa"},"848":{"sn":"Navarra","ln":"Alsasua, Los Arcos, Burguete, Elizondo, Estella, Ezcaroz, Irurzun, Leiza, Pamplona, San Adrian, Sanguesa, Tafalla, Tudela, Vera de Bidasoa, Navarra"},"856":{"sn":"Cádiz","ln":"Algeciras, Arcos de la Frontera, Barbate de Franco, Cadiz, Ceuta, Gibraltar, Jerez de la Frontera, Medina-Sidonia, Olvera, Sanlucar de Barrameda, Cádiz"},"858":{"sn":"Granada","ln":"Alhama de Granada, Baza, Cadiar, Cullar, Granada, Guadix, Iznalloz, Lanjaron, Loja, Motril"},"868":{"sn":"Murcia","ln":"Alhama de Murcia, Archena, Caravaca, Cartagena, Cieza, Jumilla, Lorca, Murcia"},"871":{"sn":"Baleares","ln":"Campos, Eivissa, Inca, Manacor, Mao, Palma, Pollença, Sineu, Soller, Baleares"},"872":{"sn":"Gerona","ln":"Blanes, Camprodon, Figueres, Girona, Llança, Olot, Palafrugell, Puigcerda, Ripoll, Roses, Sant Feliu de Guixols, Santa Coloma de Farners, Torroella de Montgri, Gerona"},"873":{"sn":"Lerida","ln":"Artesa de Segre, Balaguer, Bellver de Cerdanya, Cervera, Lleida, Mollerussa, El Pont de Suert, Ponts, La Seu D'Urgell, Solsona, Sort, Tarrega, Tremp, Vielha, Lerida"},"876":{"sn":"Zaragoza","ln":"Alagon, Alhama de Aragon, La Almunia de Doña Godina, Belchite, Calatayud, Cariñena, Caspe, Daroca, Ejea de los Caballeros, Escatron, Fuentes de Ebro, Illueca, Mallen, Muel, Tarazona, Zaragoza, Zuera"},"877":{"sn":"Tarragona","ln":"Amposta, Falset, Gandesa, Montblanc, Mora D'Ebre, Reus, Santa Coloma de Queralt, Tarragona, Tortosa, El Vendrell"},"881":{"sn":"Coruña","ln":"Betanzos, Carballo, A Coruña, Ferrol, Noia, Ordenes, Ortigueira, Santiago"},"886":{"sn":"Pontevedra","ln":"A Estrada, Lalin, Ponte-Caldelas, Ponteareas, Pontevedra, Tui, Vigo, Vilagarcia de Arousa"},"910":{"sn":"Madrid","ln":"Alcala de Henares, Arganda, Collado Villalba, Madrid"},"911":{"sn":"Madrid","ln":"Alcala de Henares, Aranjuez, Arganda, Buitrago del Lozoya, Collado Villalba, El Escorial, Madrid, El Molar, Navalcarnero, San Martin de Valdeiglesias"},"912":{"sn":"Madrid","ln":"Alcala de Henares, Aranjuez, Arganda, Buitrago del Lozoya, Collado Villalba, El Escorial, Madrid, El Molar, Navalcarnero, San Martin de Valdeiglesias"},"913":{"sn":"Madrid","ln":"Madrid"},"914":{"sn":"Madrid","ln":"Alcala de Henares, Aranjuez, Arganda, Buitrago del Lozoya, Collado Villalba, El Escorial, Madrid, El Molar, Navalcarnero, San Martin de Valdeiglesias"},"915":{"sn":"Madrid","ln":"Madrid"},"916":{"sn":"Madrid","ln":"Madrid, El Molar"},"917":{"sn":"Madrid","ln":"Aranjuez, Arganda, El Escorial, Madrid, El Molar, Navalcarnero, San Martin de Valdeiglesias"},"918":{"sn":"Madrid","ln":"Alcala de Henares, Aranjuez, Arganda, Buitrago del Lozoya, Collado Villalba, El Escorial, Madrid, El Molar, Navalcarnero, San Martin de Valdeiglesias"},"920":{"sn":"Ávila","ln":"Arenas de San Pedro, Arevalo, Avila, El Barco de Avila, Navalmoral, Piedrahita, San Pedro del Arroyo, Ávila"},"921":{"sn":"Seville","ln":"Cantalejo, Carbonero El Mayor, Cuellar, Nava de la Asuncion, Riaza, San Rafael, Segovia, Turegano, Osuna, Seville"},"922":{"sn":"Santa Cruz de Tenerife","ln":"Granadilla de Abona, Guimar, Icod de los Vinos, Isla de la Palma, La Orotava, San Sebastian de la Gomera, Santa Cruz de Tenerife, Valverde"},"923":{"sn":"Salamanca","ln":"Bejar, Cantalapiedra, Ciudad Rodrigo, La Fuente de San Esteban, Guijuelo, Ledesma, Peñaranda de Bracamonte, Salamanca, Las Veguillas, Vitigudino"},"924":{"sn":"Badajoz","ln":"Alburquerque, Alconchel, Almendralejo, Azuaga, Badajoz, Cabeza del Buey, Castuera, Don Benito, Fregenal de la Sierra, Fuente de Cantos, Guareña, Jerez de los Caballeros, Llerena, Merida, Villafranca de los Barros, Zafra"},"925":{"sn":"Toledo","ln":"Galvez, Illescas, Madridejos, Mora, Ocaña, Oropesa, La Pueblanueva, Quintanar de la Orden, Talavera de la Reina, Toledo, Torrijos"},"926":{"sn":"Ciudad Real","ln":"Alcazar de San Juan, Almaden, Ciudad Real, Daimiel, Malagon, Manzanares, Piedrabuena, Puertollano, Tomelloso, Valdepeñas, Villanueva de los Infantes"},"927":{"sn":"Caceres","ln":"Alcantara, Caceres, Cañaveral, Coria, Jaraiz de la Vera, Logrosan, Montanchez, Montehermoso, Navalmoral de la Mata, Plasencia, Trujillo, Valencia de Alcantara, Zorita"},"928":{"sn":"Las Palmas","ln":"Arrecife, Galdar, Isla de Fuerteventura, Las Palmas, Vecindario"},"930":{"sn":"Barcelona","ln":"Barcelona, Granollers, Mataro, Sabadell-Terrassa"},"931":{"sn":"Barcelona","ln":"Barcelona, Berga, Caldes de Montbui, Calella, Cardona, Granollers, Igualada, Manlleu, Manresa, Martorell, Mataro, Sabadell-Terrassa, Sallent, Sant Celoni, Vic, Vilafranca del Penedes, Vilanova i la Geltru"},"932":{"sn":"Barcelona","ln":"Barcelona, Berga, Granollers, Igualada, Manresa, Martorell, Mataro, Sabadell-Terrassa, Sant Celoni, Vilafranca del Penedes, Vilanova i la Geltru"},"933":{"sn":"Barcelona","ln":"Barcelona, Caldes de Montbui, Granollers, Igualada, Manresa, Martorell, Mataro, Sabadell-Terrassa, Vic, Vilafranca del Penedes, Vilanova i la Geltru"},"934":{"sn":"Barcelona","ln":"Barcelona"},"935":{"sn":"Barcelona","ln":"Barcelona, Berga, Caldes de Montbui, Calella, Cardona, Granollers, Igualada, Manlleu, Manresa, Martorell, Mataro, Sabadell-Terrassa, Sallent, Sant Celoni, Vic, Vilafranca del Penedes, Vilanova i la Geltru"},"936":{"sn":"Barcelona","ln":"Barcelona, Berga, Caldes de Montbui, Calella, Cardona, Granollers, Igualada, Manlleu, Manresa, Martorell, Mataro, Sabadell-Terrassa, Sallent, Sant Celoni, Vic, Vilafranca del Penedes, Vilanova i la Geltru"},"937":{"sn":"Barcelona","ln":"Barcelona, Berga, Caldes de Montbui, Calella, Cardona, Granollers, Igualada, Manlleu, Manresa, Martorell, Mataro, Sabadell-Terrassa, Sallent, Sant Celoni, Vic, Vilafranca del Penedes, Vilanova i la Geltru"},"938":{"sn":"Barcelona","ln":"Barcelona, Berga, Caldes de Montbui, Calella, Cardona, Granollers, Igualada, Manlleu, Manresa, Martorell, Mataro, Sabadell-Terrassa, Sallent, Sant Celoni, Vic, Vilafranca del Penedes, Vilanova i la Geltru"},"941":{"sn":"La Rioja","ln":"Alfaro, Arnedo, Calahorra, Haro, Logroño, Najera, Santo Domingo de la Calzada, Torrecilla en Cameros, La Rioja"},"942":{"sn":"Cantabria","ln":"Cabezon de la Sal, Castro-Urdiales, Laredo, Potes, Reinosa, San Vicente de la Barquera, Santander, Torrelavega, Villacarriedo, Cantabria"},"943":{"sn":"Guipuzcoa","ln":"Don Benito, Azpeitia, Beasain, Bergara, deba, Donostia-San Sebastian, Eibar, Guipuzcoa"},"944":{"sn":"Vizcaya","ln":"Balmaseda, Bermeo, Bilbao, Durango, Gernika, Ondarroa, Vizcaya"},"945":{"sn":"Alava","ln":"Amurrio, Vitoria-Gasteiz, Alava"},"946":{"sn":"Vizcaya","ln":"Balmaseda, Bermeo, Bilbao, Durango, Gernika, Ondarroa, Vizcaya"},"947":{"sn":"Burgos","ln":"Aranda de Duero, Belorado, Briviesca, Burgos, Lerma, Medina de Pomar, Miranda de Ebro, Oña, Pampliega, Salas de los Infantes, Sasamon, Sedano, Villadiego, Villarcayo"},"948":{"sn":"Navarra","ln":"Alsasua, Los Arcos, Burguete, Elizondo, Estella, Ezcaroz, Irurzun, Leiza, Pamplona, San Adrian, Sanguesa, Tafalla, Tudela, Vera de Bidasoa, Navarra"},"949":{"sn":"Guadalajara","ln":"Brihuega, Cifuentes, Guadalajara, Humanes, Jadraque, Molina, Pastrana, Sacedon, Siguenza"},"950":{"sn":"Almería","ln":"Abla, Adra, Albox, Almeria, Canjayar, Nijar, Tijola, Velez Rubio, Vera, Almería"},"951":{"sn":"Malaga","ln":"Antequera, Coin, Cortes de la Frontera, Malaga, Marbella, Melilla, Ronda, Velez-Malaga"},"952":{"sn":"Malaga","ln":"Antequera, Coin, Cortes de la Frontera, Malaga, Marbella, Melilla, Ronda, Velez-Malaga"},"953":{"sn":"Jaen","ln":"Alcala la Real, Andujar, Castellar de Santisteban, Cazorla, Jaen, Linares, Orcera, Ubeda, Villanueva del Arzobispo"},"954":{"sn":"Seville","ln":"El Arahal, Cantillana, Carmona, Constantina, Ecija, Lora del Rio, Moron de la Frontera, Osuna, Pilas, Seville, Utrera"},"955":{"sn":"Seville","ln":"Granada, El Arahal, Cantillana, Carmona, Constantina, Ecija, Lora del Rio, Moron de la Frontera, Osuna, Pilas, Seville, Utrera"},"956":{"sn":"Cádiz","ln":"Algeciras, Arcos de la Frontera, Barbate de Franco, Cadiz, Ceuta, Jerez de la Frontera, Medina-Sidonia, Olvera, Sanlucar de Barrameda, Cádiz"},"957":{"sn":"Cordoba","ln":"La Carlota, Castro del Rio, Cordoba, Hinojosa del Duque, Lucena, Montilla, Montoro, Peñarroya-Pueblonuevo, Posadas, Pozoblanco, Priego de Cordoba, Puente Genil, Villaviciosa de Cordoba"},"958":{"sn":"Granada","ln":"Alhama de Granada, Baza, Cadiar, Cullar"},"959":{"sn":"Murcia","ln":"Aracena, Ayamonte, Cortegana, Huelva, Lepe, Nerva, La Palma del Condado, Santa Olalla del Cala, Valverde del Camino, Cartagena, Murcia"},"960":{"sn":"Valencia","ln":"Alzira, Ayora, Betera, Buñol, Carlet, Chelva, Gandia, Llíria, Ontinyent, Requena, Sagunt, Sueca, Utiel, Valencia, Xativa"},"961":{"sn":"Valencia","ln":"Alzira, Ayora, Betera, Buñol, Carlet, Chelva, Gandia, Llíria, Ontinyent, Requena, Sagunt, Sueca, Utiel, Valencia, Xativa"},"962":{"sn":"Valencia","ln":"Alzira, Ayora, Betera, Buñol, Carlet, Chelva, Gandia, Llíria, Ontinyent, Requena, Sagunt, Sueca, Utiel, Valencia, Xativa"},"963":{"sn":"Valencia","ln":"Alzira, Ayora, Betera, Buñol, Chelva, Gandia, Llíria, Ontinyent, Requena, Sagunt, Sueca, Utiel, Valencia, Xativa"},"964":{"sn":"Castellón de la Plana","ln":"Alcala de Chivert, Benasal, Morella, Segorbe, Vinaros, Castellón de la Plana"},"965":{"sn":"Alicante","ln":"Alcoy-Plaza, Alicante-Avenida, Almoradi, Benidorm, Benissa, denia, Elche-Vinalopo, Jijona, Orihuela, Pego, Petrer, Villena, Alicante"},"966":{"sn":"Alicante","ln":"Alcoy-Plaza, Alicante-Avenida, Almoradi, Benidorm, Benissa, denia, Elche-Vinalopo, Jijona, Orihuela, Pego, Petrer, Villena, Alicante"},"967":{"sn":"Albacete","ln":"Albacete, Alcaraz, Almansa, Balazote, Bogarra, El Bonillo, Casas-Ibañez, Elche de la Sierra, Hellin, Petrola, La Roda, Tarazona de la Mancha, Valdeganga, Villarrobledo, Yeste"},"968":{"sn":"Murcia","ln":"Alhama de Murcia, Archena, Caravaca, Cartagena, Cieza, Jumilla, Lorca, Murcia"},"969":{"sn":"Cuenca","ln":"La Almarcha, Carboneras de Guadazaon, Cuenca, Huete, Landete, Motilla del Palancar, Priego, San Clemente, Tarancon, Valverde de Jucar"},"971":{"sn":"Baleares","ln":"Campos, Eivissa, Inca, Manacor, Mao, Palma, Pollença, Sineu, Soller, Baleares"},"972":{"sn":"Gerona","ln":"Blanes, Camprodon, Figueres, Girona, Llança, Olot, Palafrugell, Puigcerda, Ripoll, Roses, Sant Feliu de Guixols, Santa Coloma de Farners, Torroella de Montgri, Gerona"},"973":{"sn":"Lerida","ln":"Artesa de Segre, Balaguer, Bellver de Cerdanya, Cervera, Lleida, Mollerussa, El Pont de Suert, Ponts, La Seu D'Urgell, Solsona, Sort, Tarrega, Tremp, Vielha, Lerida"},"974":{"sn":"Huesca","ln":"Ainsa, Ayerbe, Barbastro, Campo, Fraga, Graus, Grañen, Huesca, Jaca, Monzon, Sabiñanigo, Sariñena, Tamarite de Litera"},"975":{"sn":"Soria","ln":"Almazan, Arcos de Jalon, El Burgo de Osma, Covaleda, Gomara, San Esteban de Gormaz, Soria"},"976":{"sn":"Zaragoza","ln":"Alagon, Alhama de Aragon, La Almunia de Doña Godina, Belchite, Calatayud, Cariñena, Caspe, Daroca, Ejea de los Caballeros, Escatron, Fuentes de Ebro, Illueca, Mallen, Muel, Tarazona, Zaragoza, Zuera"},"977":{"sn":"Tarragona","ln":"Amposta, Falset, Gandesa, Montblanc, Mora D'Ebre, Reus, Santa Coloma de Queralt, Tarragona, Tortosa, El Vendrell"},"978":{"sn":"Teruel","ln":"Albarracin, Alcañiz, Alcorisa, Alfambra, Calamocha, Hijar, Mora de Rubielos, Muniesa, Santa Eulalia, Sarrion, Teruel, Utrillas, Valderrobres"},"979":{"sn":"Palencia","ln":"Aguilar de Campoo, Baltanas, Carrion de los Condes, Cervera de Pisuerga, Fromista, Guardo, Herrera de Pisuerga, Palencia, Paredes de Nava, Saldaña"},"980":{"sn":"Zamora","ln":"Alcañices, Benavente, Bermillo de Sayago, Fuentesauco, Puebla de Sanabria, Tabara, Toro, Villalpando, Zamora"},"981":{"sn":"Coruña","ln":"Betanzos, Carballo, Coruña, Ferrol, Noia, Ordenes, Ortigueira, Santiago"},"982":{"sn":"Lugo","ln":"Becerrea, Chantada, Guitiriz, Lugo, Meira, Monforte de Lemos, Ribadeo, Sarria, Villalba, Viveiro"},"983":{"sn":"Valladolid","ln":"Medina de Rioseco, Medina del Campo, Olmedo, Peñafiel, Quintanilla de Onesimo, Tordesillas, Valladolid, Villalon de Campos"},"984":{"sn":"Asturias","ln":"Aviles, Cangas de Narcea, Cangas de Onis, Gijon, Infiesto, Llanes, Luarca, Moreda, Oviedo, Pola de Laviana, Ribadesella, Tineo, Asturias"},"985":{"sn":"Asturias","ln":"Aviles, Cangas de Narcea, Cangas de Onis, Gijon, Infiesto, Llanes, Luarca, Moreda, Oviedo, Pola de Laviana, Ribadesella, Tineo, Asturias"},"986":{"sn":"Pontevedra","ln":"A Estrada, Lalin, Ponte-Caldelas, Ponteareas, Pontevedra, Tui, Vigo, Vilagarcia de Arousa"},"987":{"sn":"León","ln":"Astorga, La Bañeza, Bembibre, Cistierna, Leon, Ponferrada, Quintana de Rueda, Riaño, La Robla, Sahagun, Valencia de Don Juan, Veguellina de Orbigo, Villablino, Villafranca del Bierzo, León"},"988":{"sn":"Orense","ln":"Allariz, Ourense, Ribadavia, La Rua, Verin, Orense"}}